corpus,corpus_year,query_source,query_year,query,query_topicID,best_match,best_match_score,best_match_topicID
Medium,2020,Academic,2012,"['mdd', 'patient', 'generalize', 'disorder', 'relationship', 'linear', 'gain', 'anxiety', 'way', 'rate']",0,"['disorder', 'symptom', 'therapy', 'treatment', 'therapist', 'patient', 'trigger', 'treat', 'medical', 'common']",0.694278180599213,0
Medium,2016,Academic,2012,"['sleep', 'hybrid', 'monitoring', 'insomnia', 'acceptability', 'diary', 'end', 'ancillary', 'durability', 'isolation']",1,"['high', 'treat', 'human', 'relationship', 'test', 'normal', 'act', 'task', 'pressure', 'sleep']",0.693429291248322,34
Medium,2018,Academic,2012,"['mood', 'disorder', 'depressive', 'depressed', 'anxious', 'history', 'relevant', 'anxiety', 'self', 'depression']",2,"['mental', 'mental_health', 'mental_illness', 'recovery', 'alcohol', 'illness', 'stigma', 'management', 'issue', 'health']",0.760410308837891,13
Medium,2016,Academic,2012,"['exposure', 'disaster', 'may', 'follow', 'involvement', 'family', 'define', 'brief', 'new', 'effect']",3,"['shame', 'salt', 'grand', 'passionate', 'motion', 'regret', 'adventure', 'edge', 'exhausted', 'feed']",0.646848261356354,26
Medium,2019,Academic,2012,"['anxiety', 'worry', 'cognitive', 'review', 'model', 'test', 'consider', 'later', 'work', 'old']",4,"['wait', 'illusion', 'odd', 'fat', 'silence', 'silent', 'depress', 'weigh', 'comfort', 'crush']",0.69291615486145,8
Medium,2020,Academic,2012,"['social', 'participant', 'positive', 'anxiety', 'take', 'cue', 'train', 'reduce', 'control', 'approach']",5,"['negative', 'positive', 'energy', 'peace', 'thinking', 'awareness', 'relax', 'attention', 'listen', 'physical']",0.766258180141449,3
Medium,2015,Academic,2012,"['effect', 'participant', 'complete', 'act', 'may', 'week', 'clinical', 'affect', 'exercise', 'test']",6,"['condition', 'symptom', 'perspective', 'irrational', 'intrusive_thought', 'sex', 'physical', 'result', 'sufferer', 'behaviour']",0.661772310733795,0
Medium,2018,Academic,2012,"['ptsd', 'trauma', 'alcohol', 'perceive', 'status', 'consequence', 'rate', 'incremental', 'high', 'patient']",7,"['mental', 'mental_health', 'mental_illness', 'recovery', 'alcohol', 'illness', 'stigma', 'management', 'issue', 'health']",0.714758813381195,13
Medium,2018,Academic,2012,"['patient', 'anxiety', 'cognitive', 'treatment', 'outcome', 'depression', 'nightmare', 'use', 'disorder', 'therapy']",8,"['symptom', 'social', 'disorder', 'treatment', 'diagnose', 'patient', 'physical', 'medical', 'condition', 'therapy']",0.81765478849411,20
Medium,2018,Academic,2012,"['threat', 'bias', 'attention', 'reactivity', 'delay', 'show', 'reduction', 'activation', 'stimulus', 'anxiety']",9,"['response', 'system', 'fight', 'release', 'event', 'training', 'threat', 'program', 'boss', 'respond']",0.714135944843292,37
Medium,2014,Academic,2012,"['symptom', 'study', 'increase', 'report', 'health', 'relate', 'age', 'high', 'level', 'psychopathology']",10,"['symptom', 'reduce', 'increase', 'university', 'department', 'sleep', 'health', 'melbourne', 'food', 'nutrition']",0.781715512275696,31
Medium,2017,Academic,2012,"['self', 'remission', 'depression', 'anxiety', 'implicit', 'explicit', 'psychosis', 'association', 'unipolar', 'symptom']",11,"['mental_health', 'health', 'medication', 'issue', 'support', 'mental_illness', 'illness', 'drug', 'mental', 'seek']",0.742339909076691,23
Medium,2019,Academic,2012,"['treatment', 'therapy', 'cognitive', 'cbt', 'outcome', 'behavioral', 'anxiety', 'reduction', 'session', 'significant']",12,"['therapy', 'mood', 'cancer', 'effective', 'vitamin', 'patient', 'light', 'function', 'direct', 'regulate']",0.771016716957092,13
Medium,2015,Academic,2012,"['physiological', 'report', 'social', 'cue', 'anxiety', 'include', 'student', 'study', 'participant', 'approach']",13,"['student', 'pitch', 'mental_health', 'healthtap', 'session', 'business', 'ceo', 'patient', 'university', 'pressure']",0.761296272277832,29
Medium,2016,Academic,2012,"['adolescent', 'influence', 'distress', 'factor', 'vary', 'issue', 'experience', 'problem', 'developmental', 'difficulty']",14,"['school', 'kid', 'adult', 'teacher', 'teen', 'contact', 'adolescent', 'exciting', 'complicated', 'child']",0.710575342178345,25
Medium,2018,Academic,2012,"['minority', 'longer', 'impairment', 'injury', 'patient', 'home', 'preliminary', 'self', 'treat', 'year']",15,"['meditation', 'practice', 'app', 'meditate', 'calm', 'minute', 'creativity', 'daily', 'peace', 'routine']",0.683197319507599,14
Medium,2018,Academic,2012,"['self', 'social', 'symptom', 'report', 'predict', 'daily', 'anxiety', 'processing', 'predictor', 'subsequent']",16,"['symptom', 'social', 'disorder', 'treatment', 'diagnose', 'patient', 'physical', 'medical', 'condition', 'therapy']",0.706903278827667,20
Medium,2017,Academic,2012,"['occur', 'survivor', 'become', 'intrusion', 'effect', 'researcher', 'vulnerable', 'people', 'allocation', 'victim']",17,"['recovery', 'recover', 'magic', 'knee', 'red', 'scar', 'land', 'noise', 'third', 'hole']",0.60676109790802,8
Medium,2018,Academic,2012,"['fear', 'sad', 'memory', 'social', 'previous', 'replicate', 'role', 'may', 'effect', 'interaction']",18,"['response', 'system', 'fight', 'release', 'event', 'training', 'threat', 'program', 'boss', 'respond']",0.713410139083862,37
Medium,2015,Academic,2012,"['factor', 'model', 'domain', 'structure', 'depression', 'dimension', 'hierarchical', 'anxiety', 'sample', 'fit']",19,"['condition', 'symptom', 'perspective', 'irrational', 'intrusive_thought', 'sex', 'physical', 'result', 'sufferer', 'behaviour']",0.662165522575378,0
Medium,2018,Academic,2012,"['conflict', 'counselling', 'ongoing', 'psychosocial', 'pretreatment', 'help_seeking', 'typically', 'routine', 'pharmacological', 'reference']",20,"['symptom', 'social', 'disorder', 'treatment', 'diagnose', 'patient', 'physical', 'medical', 'condition', 'therapy']",0.704192042350769,20
Medium,2014,Academic,2012,"['interpretation', 'training', 'global', 'cognitive', 'error', 'equal', 'outcome', 'design', 'interpret', 'objective']",21,"['memory', 'result', 'search', 'outcome', 'intention', 'late', 'assumption', 'example', 'subconscious', 'performance']",0.743537545204163,29
Medium,2018,Academic,2012,"['language', 'dsm_iv', 'asylum', 'traumatic', 'proficiency', 'arrive', 'mini', 'arrival', 'screening', 'postmigration']",22,"['response', 'system', 'fight', 'release', 'event', 'training', 'threat', 'program', 'boss', 'respond']",0.648597061634064,37
Medium,2015,Academic,2012,"['preventive', 'cidi', 'screening', 'participation', 'threshold', 'refrain', 'scope', 'prevent', 'screen', 'assess']",23,"['condition', 'symptom', 'perspective', 'irrational', 'intrusive_thought', 'sex', 'physical', 'result', 'sufferer', 'behaviour']",0.62393045425415,0
Medium,2018,Academic,2012,"['anxiety', 'guide', 'find', 'face', 'scale', 'sample', 'generalize', 'largely', 'help', 'had']",24,"['solution', 'drug', 'diagnosis', 'user', 'state', 'address', 'treat', 'human', 'system', 'significant']",0.692132413387299,38
Medium,2016,Academic,2012,"['disorder', 'anxiety', 'study', 'depression', 'year', 'associate', 'use', 'association', 'examine', 'sample']",25,"['disorder', 'symptom', 'treatment', 'study', 'level', 'health', 'social', 'response', 'suffer', 'avoid']",0.823895454406738,37
Medium,2019,Academic,2012,"['cd', 'behavior', 'context', 'problem', 'people', 'aggressive', 'content', 'code', 'individually', 'harm']",26,"['mental_health', 'relationship', 'support', 'result', 'challenge', 'individual', 'provide', 'example', 'low', 'healthy']",0.642227530479431,19
Medium,2017,Academic,2012,"['generalize', 'bipolar', 'anxiety', 'training', 'youth', 'attend', 'result', 'differ', 'right', 'attentional']",27,"['mental_health', 'health', 'medication', 'issue', 'support', 'mental_illness', 'illness', 'drug', 'mental', 'seek']",0.691103100776672,23
Medium,2016,Academic,2012,"['anxiety', 'measure', 'low', 'class', 'high', 'depression', 'distress', 'group', 'level', 'account']",28,"['high', 'treat', 'human', 'relationship', 'test', 'normal', 'act', 'task', 'pressure', 'sleep']",0.709547281265259,34
Medium,2013,Academic,2012,"['risk', 'early', 'intervention', 'moderator', 'prevention', 'profile', 'strengthen', 'specificity', 'minimal', 'indicate']",29,"['age', 'difficult', 'client', 'elder', 'attempt', 'guilt', 'anger', 'scream', 'plan', 'value']",0.676750838756561,8
Medium,2016,Academic,2012,"['treatment', 'intervention', 'group', 'participant', 'condition', 'anxiety', 'depression', 'health', 'co_morbidity', 'mental']",30,"['mental_health', 'medication', 'doctor', 'issue', 'drug', 'support', 'therapy', 'suffer', 'mental_illness', 'health']",0.811491131782532,0
Medium,2014,Academic,2012,"['treatment', 'change', 'decrease', 'outcome', 'mediate', 'may', 'anxiety', 'suggest', 'reduce', 'examine']",31,"['symptom', 'intake', 'reduce', 'sugar', 'nutrition', 'overall', 'reduction', 'increase', 'diet', 'improve']",0.741080164909363,14
Medium,2018,Academic,2012,"['single', 'nucleus', 'rat', 'apoptosis', 'neuron', 'peak', 'reduce', 'tem', 'pon', 'prolonged']",32,"['emotion', 'pain', 'emotional', 'suffer', 'hurt', 'soul', 'heal', 'physical', 'relationship', 'push']",0.650413453578949,27
Medium,2020,Academic,2012,"['anxiety', 'negative', 'sensitivity', 'belief', 'disorder', 'relate', 'finding', 'support', 'result', 'control']",33,"['negative', 'positive', 'energy', 'peace', 'thinking', 'awareness', 'relax', 'attention', 'listen', 'physical']",0.78248518705368,3
Medium,2016,Academic,2012,"['depression', 'treatment', 'internationally', 'problem', 'trial', 'health', 'model', 'study', 'life', 'anxiety']",34,"['mental_health', 'medication', 'doctor', 'issue', 'drug', 'support', 'therapy', 'suffer', 'mental_illness', 'health']",0.742556750774383,0
Medium,2019,Academic,2012,"['woman', 'chinese', 'pregnancy', 'risk', 'depression', 'factor', 'assess', 'symptomatology', 'predictive', 'survivor']",35,"['mental_health', 'relationship', 'support', 'result', 'challenge', 'individual', 'provide', 'example', 'low', 'healthy']",0.636109709739685,19
Medium,2018,Academic,2012,"['child', 'anxiety', 'disorder', 'parent', 'non', 'anxious', 'early', 'symptom', 'likely', 'information']",36,"['child', 'parent', 'social_media', 'young', 'teen', 'adult', 'school', 'age', 'technology', 'resource']",0.733892858028412,28
Medium,2018,Academic,2012,"['symptom', 'patient', 'depression', 'somatic', 'fatigue', 'life', 'trial', 'show', 'internet', 'severe']",37,"['symptom', 'social', 'disorder', 'treatment', 'diagnose', 'patient', 'physical', 'medical', 'condition', 'therapy']",0.852355480194092,20
Medium,2018,Academic,2013,"['year', 'age', 'gad', 'predict', 'risk', 'increase', 'follow', 'level', 'youth', 'sample']",0,"['goal', 'business', 'plan', 'money', 'energy', 'success', 'achieve', 'guilt', 'fail', 'failure']",0.619671642780304,21
Medium,2020,Academic,2013,"['psychosis', 'maternal', 'vulnerability', 'characterize', 'mother', 'trajectory', 'affective', 'sample', 'together', 'schizophrenia']",1,"['psychological', 'journal', 'interaction', 'belief', 'clinical', 'analyze', 'transform', 'subconscious', 'perception', 'psychology']",0.701548278331757,12
Medium,2016,Academic,2013,"['change', 'self', 'participant', 'cognitive', 'panic', 'sensitivity', 'mediate', 'effect', 'level', 'process']",2,"['emotion', 'negative', 'future', 'positive', 'allow', 'create', 'thinking', 'action', 'anger', 'choice']",0.674164831638336,6
Medium,2019,Academic,2013,"['exposure', 'attention', 'fear', 'subject', 'measure', 'face', 'control', 'task', 'attentional', 'behavioral']",3,"['wait', 'illusion', 'odd', 'fat', 'silence', 'silent', 'depress', 'weigh', 'comfort', 'crush']",0.644541323184967,8
Medium,2018,Academic,2013,"['child', 'parent', 'clinic', 'behavior', 'word', 'eat', 'report', 'behavioral', 'change', 'emotional']",4,"['child', 'parent', 'social_media', 'young', 'teen', 'adult', 'school', 'age', 'technology', 'resource']",0.775528848171234,28
Medium,2020,Academic,2013,"['social', 'negative', 'relationship', 'activation', 'individual', 'show', 'positive', 'factor', 'emotional', 'examine']",5,"['negative', 'positive', 'energy', 'peace', 'thinking', 'awareness', 'relax', 'attention', 'listen', 'physical']",0.750416457653046,3
Medium,2017,Academic,2013,"['ptsd', 'schizophrenia', 'severity', 'control', 'had', 'stressor', 'generalize', 'problem', 'link', 'mental']",6,"['mental_health', 'health', 'medication', 'issue', 'support', 'mental_illness', 'illness', 'drug', 'mental', 'seek']",0.698516011238098,23
Medium,2016,Academic,2013,"['health', 'depressive', 'depression', 'care', 'individual', 'primary', 'psychological', 'increase', 'performance', 'base']",7,"['mental_health', 'medication', 'doctor', 'issue', 'drug', 'support', 'therapy', 'suffer', 'mental_illness', 'health']",0.806071162223816,0
Medium,2017,Academic,2013,"['phobia', 'life_event', 'depression', 'emerge', 'antidepressant', 'duration', 'development', 'early', 'drive', 'use']",8,"['mental_health', 'health', 'medication', 'issue', 'support', 'mental_illness', 'illness', 'drug', 'mental', 'seek']",0.709107577800751,23
Medium,2015,Academic,2013,"['prevalence', 'cidi', 'factor', 'survey', 'class', 'difference', 'drug', 'immigrant', 'gender', 'world']",9,"['condition', 'symptom', 'perspective', 'irrational', 'intrusive_thought', 'sex', 'physical', 'result', 'sufferer', 'behaviour']",0.624670505523682,0
Medium,2018,Academic,2013,"['patient', 'distress', 'mood', 'cognitive', 'factor', 'internalize', 'score', 'use', 'alcohol_dependence', 'ad']",10,"['mental', 'mental_health', 'mental_illness', 'recovery', 'alcohol', 'illness', 'stigma', 'management', 'issue', 'health']",0.750592887401581,13
Medium,2018,Academic,2013,"['posttreatment', 'sad', 'goal', 'mortality', 'withdrawal', 'cost', 'behavior', 'direct', 'respond', 'decrease']",11,"['solution', 'drug', 'diagnosis', 'user', 'state', 'address', 'treat', 'human', 'system', 'significant']",0.732854723930359,38
Medium,2019,Academic,2013,"['cbt', 'therapy', 'cognitive', 'outcome', 'follow', 'patient', 'trial', 'effect', 'group', 'week']",12,"['therapy', 'mood', 'cancer', 'effective', 'vitamin', 'patient', 'light', 'function', 'direct', 'regulate']",0.751062572002411,13
Medium,2015,Academic,2013,"['group', 'alcohol', 'cbt', 'comorbid', 'alone', 'relaxation', 'decrease', 'comparison', 'management', 'trial']",13,"['group', 'receptor', 'gene', 'study', 'response', 'dna', 'silence', 'epigenetic', 'anger', 'individual']",0.663264334201813,28
Medium,2018,Academic,2013,"['intervention', 'group', 'base', 'social', 'mindfulness', 'participant', 'internet', 'therapy', 'trial', 'month_follow']",14,"['therapy', 'therapist', 'partner', 'issue', 'episode', 'chronic', 'psychiatrist', 'admit', 'date', 'relationship']",0.71254950761795,8
Medium,2016,Academic,2013,"['stress', 'depression', 'participant', 'control', 'self', 'program', 'function', 'group', 'response', 'risk']",15,"['high', 'treat', 'human', 'relationship', 'test', 'normal', 'act', 'task', 'pressure', 'sleep']",0.746512413024902,34
Medium,2017,Academic,2013,"['depression', 'association', 'depressive', 'psychotic', 'mental', 'psychiatric', 'ci', 'structure', 'childhood', 'health']",16,"['mental_health', 'health', 'medication', 'issue', 'support', 'mental_illness', 'illness', 'drug', 'mental', 'seek']",0.730380952358246,23
Medium,2019,Academic,2013,"['broad', 'content', 'training', 'barrier', 'child', 'clinical', 'follow', 'outcome', 'intervention', 'demonstrate']",17,"['meditation', 'practice', 'emotion', 'tool', 'meditate', 'emotional', 'horse', 'technique', 'list', 'habit']",0.688094198703766,4
Medium,2016,Academic,2014,"['child', 'adolescent', 'parent', 'internalize', 'anxious', 'report', 'non', 'year', 'outcome', 'youth']",0,"['school', 'kid', 'adult', 'teacher', 'teen', 'contact', 'adolescent', 'exciting', 'complicated', 'child']",0.790812134742737,25
Medium,2014,Academic,2014,"['international', 'use', 'dimension', 'woman', 'recent', 'obtain', 'confidence_interval', 'marker', 'continue', 'propose']",1,"['memory', 'late', 'confidence', 'audience', 'check', 'result', 'perhaps', 'likely', 'angry', 'music']",0.708152413368225,9
Medium,2018,Academic,2014,"['onset', 'age', 'early', 'symptom', 'patient', 'year', 'adhd', 'increase', 'associate', 'high']",2,"['symptom', 'social', 'disorder', 'treatment', 'diagnose', 'patient', 'physical', 'medical', 'condition', 'therapy']",0.740020155906677,20
Medium,2020,Academic,2014,"['cbt', 'therapy', 'outcome', 'cognitive', 'behavioral', 'group', 'therapist', 'psychological', 'measure', 'predict']",3,"['psychological', 'journal', 'interaction', 'belief', 'clinical', 'analyze', 'transform', 'subconscious', 'perception', 'psychology']",0.729467928409576,12
Medium,2015,Academic,2014,"['factor', 'change', 'effect', 'symptom', 'panic', 'association', 'model', 'participant', 'control', 'show']",4,"['condition', 'symptom', 'perspective', 'irrational', 'intrusive_thought', 'sex', 'physical', 'result', 'sufferer', 'behaviour']",0.608756363391876,0
Medium,2018,Academic,2014,"['vulnerable', 'negative', 'positive', 'event', 'mdd', 'involve', 'group', 'dynamic', 'resilience', 'life']",5,"['negative', 'positive', 'present', 'mindfulness', 'pattern', 'future', 'skill', 'example', 'outcome', 'build']",0.671048700809479,19
Medium,2017,Academic,2014,"['eat', 'safety', 'global', 'disease', 'behavior', 'remission', 'weekly', 'medication', 'combination', 'cognition']",6,"['eat', 'food', 'com', 'ok', 'healthy', 'unhealthy', 'mental', 'final', 'city', 'consume']",0.754152476787567,19
Medium,2020,Academic,2014,"['ocd', 'obsessive_compulsive', 'intervention', 'single', 'patient', 'research', 'rate', 'behaviour', 'frequency', 'usual']",7,"['psychological', 'journal', 'interaction', 'belief', 'clinical', 'analyze', 'transform', 'subconscious', 'perception', 'psychology']",0.643421351909637,12
Medium,2016,Academic,2014,"['stress', 'acceptance', 'act', 'trials_rct', 'equally', 'commitment', 'effect_size', 'review', 'methodological', 'comparison']",8,"['high', 'treat', 'human', 'relationship', 'test', 'normal', 'act', 'task', 'pressure', 'sleep']",0.728528618812561,34
Medium,2019,Academic,2014,"['background', 'worsen', 'population', 'suicide', 'risk', 'substance', 'alcohol', 'high', 'female', 'level']",9,"['drown', 'clarity', 'era', 'pool', 'water', 'sea', 'burden', 'ocean', 'deadline', 'meet']",0.594231188297272,25
Medium,2018,Academic,2014,"['symptom', 'health', 'mental', 'depressive', 'mdd', 'gad', 'intervention', 'examine', 'common', 'concern']",10,"['symptom', 'social', 'disorder', 'treatment', 'diagnose', 'patient', 'physical', 'medical', 'condition', 'therapy']",0.846806228160858,20
Medium,2012,Academic,2014,"['sad', 'social', 'psychopathology', 'symptom', 'individual', 'avoidance', 'relationship', 'behavior', 'panic', 'specific']",11,"['emotional', 'symptom', 'physical', 'controlar', 'ansiedad', 'aqui', 'nervousness', 'spend', 'fearful', 'kind']",0.762637317180633,4
Medium,2018,Academic,2014,"['late', 'cut', 'cut_score', 'subtype', 'interpret', 'generally', 'differentiate', 'picture', 'arbitrarily', 'inconsistent']",12,"['game', 'play', 'addiction', 'mistake', 'ultimately', 'tendency', 'object', 'pressure', 'grade', 'successful']",0.58692866563797,22
Medium,2018,Academic,2014,"['depression', 'month', 'smoker', 'less', 'health', 'least', 'ci', 'prevalence', 'mental', 'symptom']",13,"['mental', 'mental_health', 'mental_illness', 'recovery', 'alcohol', 'illness', 'stigma', 'management', 'issue', 'health']",0.719034492969513,13
Medium,2016,Academic,2014,"['subthreshold', 'function', 'exposure', 'gad', 'associate', 'syndrome', 'form', 'clinical', 'course', 'development']",14,"['high', 'treat', 'human', 'relationship', 'test', 'normal', 'act', 'task', 'pressure', 'sleep']",0.664064288139343,34
Medium,2020,Academic,2014,"['group', 'post', 'participant', 'depression', 'icbt', 'internet', 'effectiveness', 'effective', 'compare', 'base']",15,"['social', 'support', 'group', 'uncertainty', 'individual', 'resource', 'society', 'result', 'seek', 'country']",0.722244322299957,13
Medium,2018,Academic,2014,"['patient', 'depressive', 'confound', 'background', 'change', 'impairment', 'international', 'major', 'brain', 'latent']",16,"['solution', 'drug', 'diagnosis', 'user', 'state', 'address', 'treat', 'human', 'system', 'significant']",0.675485014915466,38
Medium,2016,Academic,2014,"['social', 'fear', 'exposure', 'ptsd', 'condition', 'sleep', 'response', 'relate', 'extinction', 'individual']",17,"['high', 'treat', 'human', 'relationship', 'test', 'normal', 'act', 'task', 'pressure', 'sleep']",0.69307553768158,34
Medium,2018,Academic,2015,"['health', 'alcohol', 'factor', 'man', 'dependence', 'psychiatric', 'woman', 'substance', 'bmi', 'score']",0,"['mental', 'mental_health', 'mental_illness', 'recovery', 'alcohol', 'illness', 'stigma', 'management', 'issue', 'health']",0.74550461769104,13
Medium,2018,Academic,2015,"['depression', 'age', 'method', 'conclusion', 'depressive', 'adult', 'sample', 'childhood', 'psychiatric', 'year']",1,"['symptom', 'social', 'disorder', 'treatment', 'diagnose', 'patient', 'physical', 'medical', 'condition', 'therapy']",0.69211608171463,20
Medium,2019,Academic,2015,"['therapy', 'patient', 'cbt', 'outcome', 'primary', 'trial', 'care', 'group', 'cognitive', 'intervention']",2,"['therapy', 'mood', 'cancer', 'effective', 'vitamin', 'patient', 'light', 'function', 'direct', 'regulate']",0.818298161029816,13
Medium,2016,Academic,2015,"['ptsd', 'trauma', 'gad', 'worry', 'negative', 'tool', 'clinical', 'sample', 'utility', 'psycinfo_database']",3,"['grief', 'ptsd', 'gad', 'die', 'gut', 'prescribe', 'trauma', 'alternative', 'irrational', 'diagnosis']",0.786254465579987,40
Medium,2015,Academic,2015,"['woman', 'pregnancy', 'mood', 'week', 'bpd', 'prenatal', 'postpartum', 'estimate', 'gestation', 'first']",4,"['doctor', 'father', 'visit', 'baby', 'cry', 'dad', 'condition', 'mom', 'note', 'patient']",0.678812325000763,4
Medium,2019,Academic,2015,"['risk', 'mdd', 'mental', 'psychotic', 'year', 'factor', 'severe', 'first', 'onset', 'individual']",5,"['mental_health', 'relationship', 'support', 'result', 'challenge', 'individual', 'provide', 'example', 'low', 'healthy']",0.677194595336914,19
Medium,2015,Academic,2015,"['group', 'clinical', 'cost_effective', 'control', 'include', 'article', 'evidence', 'cost_effectiveness', 'therapy', 'paper']",6,"['group', 'receptor', 'gene', 'study', 'response', 'dna', 'silence', 'epigenetic', 'anger', 'individual']",0.685405433177948,28
Medium,2018,Academic,2015,"['risk', 'maternal', 'depression', 'factor', 'association', 'significantly', 'relative', 'mother', 'base', 'early']",7,"['leg', 'belong', 'float', 'birth', 'useless', 'shake', 'teen', 'sad', 'sentence', 'return']",0.629292666912079,30
Medium,2020,Academic,2015,"['social', 'sad', 'change', 'personality', 'control', 'participant', 'group', 'perceive', 'stroke', 'task']",8,"['social', 'support', 'group', 'uncertainty', 'individual', 'resource', 'society', 'result', 'seek', 'country']",0.72605562210083,13
Medium,2018,Academic,2015,"['attention', 'threat', 'bias', 'task', 'training', 'stimulus', 'anxious', 'abm', 'fear', 'extinction']",9,"['response', 'system', 'fight', 'release', 'event', 'training', 'threat', 'program', 'boss', 'respond']",0.712324202060699,37
Medium,2015,Academic,2015,"['effect', 'gene', 'model', 'adversity', 'stress', 'mean', 'moderate', 'functional_impairment', 'evidence', 'polymorphism']",10,"['condition', 'symptom', 'perspective', 'irrational', 'intrusive_thought', 'sex', 'physical', 'result', 'sufferer', 'behaviour']",0.702203154563904,0
Medium,2020,Academic,2015,"['intervention', 'depression', 'self', 'internet', 'emotional', 'parenting', 'ci', 'compare', 'incidence', 'evaluation']",11,"['psychological', 'journal', 'interaction', 'belief', 'clinical', 'analyze', 'transform', 'subconscious', 'perception', 'psychology']",0.724191188812256,12
Medium,2018,Academic,2015,"['parental', 'panic', 'fear', 'sensitivity', 'response', 'behavioral', 'psychopathology', 'startle', 'relate', 'measure']",12,"['emotion', 'pain', 'emotional', 'suffer', 'hurt', 'soul', 'heal', 'physical', 'relationship', 'push']",0.749474346637726,27
Medium,2018,Academic,2015,"['predict', 'function', 'youth', 'stress', 'outcome', 'event', 'follow', 'model', 'level', 'high']",13,"['goal', 'business', 'plan', 'money', 'energy', 'success', 'achieve', 'guilt', 'fail', 'failure']",0.697120726108551,21
Medium,2018,Academic,2015,"['adhd', 'degree', 'effect', 'clinical', 'patient', 'dimensional', 'day', 'group', 'hyperactivity', 'test']",14,"['symptom', 'social', 'disorder', 'treatment', 'diagnose', 'patient', 'physical', 'medical', 'condition', 'therapy']",0.708544433116913,20
Medium,2017,Academic,2015,"['child', 'parent', 'genetic', 'report', 'family', 'problem', 'phobia', 'effect', 'caregiver', 'internalize']",15,"['child', 'woman', 'school', 'parent', 'kid', 'young', 'mother', 'student', 'class', 'mom']",0.749530732631683,15
Medium,2019,Academic,2015,"['patient', 'cannabis', 'clinical', 'non', 'relapse', 'people', 'use', 'follow', 'expression', 'quality']",16,"['therapy', 'mood', 'cancer', 'effective', 'vitamin', 'patient', 'light', 'function', 'direct', 'regulate']",0.736574649810791,13
Medium,2015,Academic,2015,"['stable', 'adolescent', 'program', 'effect', 'phenotype', 'internalize', 'weight', 'amp', 'include', 'youth']",17,"['kid', 'accomplish', 'spouse', 'goal', 'positive', 'negative', 'value', 'butterfly', 'appear', 'recall']",0.633289694786072,31
Medium,2018,Academic,2016,"['intervention', 'group', 'treatment', 'week', 'outcome', 'trial', 'session', 'participant', 'follow', 'month']",0,"['therapy', 'therapist', 'partner', 'issue', 'episode', 'chronic', 'psychiatrist', 'admit', 'date', 'relationship']",0.748267650604248,8
Medium,2019,Academic,2016,"['depression', 'mdd', 'treatment', 'factor', 'associate', 'psychological', 'pain', 'analysis', 'role', 'examine']",1,"['medication', 'symptom', 'health', 'drug', 'treatment', 'pain', 'gut', 'doctor', 'medicine', 'effect']",0.777486264705658,2
Medium,2018,Academic,2016,"['sensitivity', 'cognitive', 'psychometric_propertie', 'subject', 'stability', 'sample', 'clinic', 'complete', 'gender', 'error']",2,"['solution', 'drug', 'diagnosis', 'user', 'state', 'address', 'treat', 'human', 'system', 'significant']",0.633082985877991,38
Medium,2018,Academic,2016,"['social', 'sad', 'cognitive', 'impairment', 'neural', 'response', 'processing', 'subjective', 'affective', 'gene']",3,"['emotion', 'pain', 'emotional', 'suffer', 'hurt', 'soul', 'heal', 'physical', 'relationship', 'push']",0.767602443695068,27
Medium,2014,Academic,2016,"['scale', 'factor', 'measure', 'sample', 'questionnaire', 'item', 'structure', 'assess', 'reliability', 'validity']",4,"['memory', 'late', 'confidence', 'audience', 'check', 'result', 'perhaps', 'likely', 'angry', 'music']",0.607917368412018,9
Medium,2018,Academic,2016,"['network', 'system', 'user', 'support', 'provide', 'schizophrenia', 'meta', 'individual', 'positive', 'drug']",5,"['solution', 'drug', 'diagnosis', 'user', 'state', 'address', 'treat', 'human', 'system', 'significant']",0.729611694812775,38
Medium,2018,Academic,2016,"['panic', 'inventory', 'beck', 'late', 'pd', 'ad', 'revise', 'stigma', 'clinician', 'assessment']",6,"['mental', 'mental_health', 'mental_illness', 'recovery', 'alcohol', 'illness', 'stigma', 'management', 'issue', 'health']",0.645953297615051,13
Medium,2017,Academic,2016,"['depression', 'mental', 'health', 'risk', 'age', 'year', 'association', 'factor', 'use', 'method']",7,"['mental_health', 'health', 'medication', 'issue', 'support', 'mental_illness', 'illness', 'drug', 'mental', 'seek']",0.765791535377502,23
Medium,2012,Academic,2016,"['exposure', 'ocd', 'expose', 'drive', 'fear', 'violence', 'adult', 'response', 'desire', 'presentation']",8,"['symptom', 'physical', 'emotional', 'aqui', 'ansiedad', 'controlar', 'occur', 'nervousness', 'fearful', 'response']",0.614574551582336,2
Medium,2015,Academic,2016,"['model', 'attachment', 'memory', 'induce', 'test', 'state', 'effect', 'contrast', 'ms', 'impair']",9,"['condition', 'symptom', 'perspective', 'irrational', 'intrusive_thought', 'sex', 'physical', 'result', 'sufferer', 'behaviour']",0.629436492919922,0
Medium,2018,Academic,2016,"['treatment', 'child', 'therapy', 'outcome', 'parent', 'follow', 'symptom', 'post', 'trauma', 'year']",10,"['symptom', 'social', 'disorder', 'treatment', 'diagnose', 'patient', 'physical', 'medical', 'condition', 'therapy']",0.76871520280838,20
Medium,2020,Academic,2016,"['personality', 'cluster', 'neuroticism', 'feature', 'recurrence', 'course', 'symptomatology', 'link', 'prediction', 'prospective']",11,"['psychological', 'journal', 'interaction', 'belief', 'clinical', 'analyze', 'transform', 'subconscious', 'perception', 'psychology']",0.69299578666687,12
Medium,2018,Academic,2016,"['trait', 'response', 'state', 'task', 'performance', 'threat', 'female', 'bias', 'high', 'anger']",12,"['response', 'system', 'fight', 'release', 'event', 'training', 'threat', 'program', 'boss', 'respond']",0.772782385349274,37
Medium,2017,Academic,2016,"['eat', 'pathology', 'dsm', 'bmi', 'suicidality', 'accurate', 'ability', 'indirect', 'cumulative', 'functioning']",13,"['eat', 'food', 'com', 'ok', 'healthy', 'unhealthy', 'mental', 'final', 'city', 'consume']",0.715096473693848,19
Medium,2016,Academic,2016,"['effect', 'control', 'adolescent', 'participant', 'test', 'stress', 'stimulus', 'increase', 'emotional', 'time']",14,"['high', 'treat', 'human', 'relationship', 'test', 'normal', 'act', 'task', 'pressure', 'sleep']",0.687268614768982,34
Medium,2020,Academic,2016,"['quality', 'life', 'sleep', 'fear', 'change', 'trajectory', 'time', 'insomnia', 'domain', 'type']",15,"['bed', 'dream', 'wake', 'eat', 'cry', 'light', 'morning', 'eye', 'finally', 'house']",0.710494577884674,7
Medium,2018,Academic,2016,"['symptom', 'depressive', 'depression', 'self', 'high', 'level', 'psychological', 'association', 'positive', 'distress']",16,"['symptom', 'social', 'disorder', 'treatment', 'diagnose', 'patient', 'physical', 'medical', 'condition', 'therapy']",0.775519073009491,20
Medium,2016,Academic,2016,"['problem', 'class', 'student', 'adolescence', 'psychotherapy', 'school', 'mindfulness', 'difficulty', 'developmental', 'young_people']",17,"['school', 'kid', 'adult', 'teacher', 'teen', 'contact', 'adolescent', 'exciting', 'complicated', 'child']",0.66171807050705,25
Medium,2020,Academic,2016,"['negative', 'emotion', 'stress', 'emotional', 'affect', 'pregnancy', 'interpersonal', 'mother', 'experience', 'perception']",18,"['negative', 'positive', 'energy', 'peace', 'thinking', 'awareness', 'relax', 'attention', 'listen', 'physical']",0.730118632316589,3
Medium,2016,Academic,2016,"['ptsd', 'cbt', 'amygdala', 'activation', 'cognitive', 'behavioral', 'increase', 'group', 'right', 'change']",19,"['emotion', 'negative', 'future', 'positive', 'allow', 'create', 'thinking', 'action', 'anger', 'choice']",0.709944128990173,6
Medium,2015,Academic,2016,"['group', 'non', 'difference', 'report', 'face', 'compare', 'individual', 'show', 'bpd', 'specific']",20,"['group', 'receptor', 'gene', 'study', 'response', 'dna', 'silence', 'epigenetic', 'anger', 'individual']",0.62461119890213,28
Medium,2018,Academic,2016,"['patient', 'psychiatric', 'score', 'clinical', 'gad', 'high', 'use', 'severity', 'associate', 'diagnosis']",21,"['symptom', 'social', 'disorder', 'treatment', 'diagnose', 'patient', 'physical', 'medical', 'condition', 'therapy']",0.780841290950775,20
Medium,2014,Academic,2016,"['model', 'theory', 'explain', 'tool', 'variance', 'analysis', 'diagnostic', 'receptor', 'show', 'style']",22,"['guide', 'plan', 'science', 'side', 'symptom', 'productivity', 'worker', 'fly', 'scientist', 'rewire']",0.636521518230438,10
Medium,2020,Academic,2016,"['relationship', 'evidence', 'research', 'development', 'mediate', 'brain', 'model', 'behaviour', 'specific', 'influence']",23,"['relationship', 'choose', 'action', 'challenge', 'goal', 'choice', 'power', 'build', 'overcome', 'decision']",0.705011308193207,5
Medium,2018,Academic,2016,"['behavior', 'work', 'suicidal_ideation', 'suicidal', 'online', 'sex', 'offer', 'increase', 'address', 'self']",24,"['emotion', 'pain', 'emotional', 'suffer', 'hurt', 'soul', 'heal', 'physical', 'relationship', 'push']",0.709457039833069,27
Medium,2018,Academic,2016,"['childhood', 'psychotic', 'adulthood', 'abuse', 'search', 'review', 'include', 'recognition', 'predictive', 'amp']",25,"['child', 'parent', 'social_media', 'young', 'teen', 'adult', 'school', 'age', 'technology', 'resource']",0.708984553813934,28
Medium,2012,Academic,2017,"['threat', 'fear', 'cognitive', 'stimulus', 'reactivity', 'mechanism', 'sensitivity', 'attentional', 'impair', 'cue']",0,"['emotional', 'symptom', 'physical', 'controlar', 'ansiedad', 'aqui', 'nervousness', 'spend', 'fearful', 'kind']",0.714257717132568,4
Medium,2019,Academic,2017,"['child', 'parent', 'anxious', 'family', 'task', 'parental', 'ambiguous', 'reaction', 'children', 'style']",1,"['mother', 'daughter', 'weight', 'mom', 'cry', 'kid', 'eye', 'reach', 'baby', 'fight']",0.762049496173858,9
Medium,2018,Academic,2017,"['behavior', 'profile', 'behavioral', 'exposure', 'work', 'state', 'clinical', 'approach', 'symptomatology', 'system']",2,"['symptom', 'social', 'disorder', 'treatment', 'diagnose', 'patient', 'physical', 'medical', 'condition', 'therapy']",0.732595682144165,20
Medium,2016,Academic,2017,"['life', 'quality', 'psychological', 'distress', 'effect', 'pregnancy', 'include', 'outcome', 'intervention', 'total']",3,"['high', 'treat', 'human', 'relationship', 'test', 'normal', 'act', 'task', 'pressure', 'sleep']",0.705458700656891,34
Medium,2015,Academic,2017,"['risk', 'prevalence', 'mdd', 'lifetime', 'mood', 'association', 'major_depressive', 'sleep', 'associate', 'sample']",4,"['meditation', 'vulnerable', 'summer', 'plan', 'road', 'trip', 'marijuana', 'medicate', 'vice', 'cigar']",0.696677923202515,11
Medium,2020,Academic,2017,"['relationship', 'mediate', 'score', 'psychological', 'experience', 'scale', 'affective', 'correlate', 'effect', 'negative']",5,"['relationship', 'choose', 'action', 'challenge', 'goal', 'choice', 'power', 'build', 'overcome', 'decision']",0.734371185302734,5
Medium,2018,Academic,2017,"['psychiatric', 'adhd', 'comorbid', 'personality', 'substance', 'hyperactivity', 'chinese', 'diagnostic', 'adult', 'seek']",6,"['symptom', 'social', 'disorder', 'treatment', 'diagnose', 'patient', 'physical', 'medical', 'condition', 'therapy']",0.772821187973022,20
Medium,2013,Academic,2017,"['population', 'people', 'clinical', 'datum', 'chronic', 'new', 'major', 'episode', 'assessment', 'country']",7,"['result', 'feedback', 'test', 'assessment', 'cultural_competency', 'prepare', 'doctor', 'medication', 'review', 'diversity']",0.63656359910965,5
Medium,2019,Academic,2017,"['treatment', 'outcome', 'follow', 'therapy', 'baseline', 'month', 'antidepressant', 'symptom', 'patient', 'cbt']",8,"['medication', 'symptom', 'health', 'drug', 'treatment', 'pain', 'gut', 'doctor', 'medicine', 'effect']",0.790088772773743,2
Medium,2015,Academic,2017,"['severe', 'illness', 'student', 'factor', 'clinical', 'severity', 'somatic', 'independent', 'somatoform', 'report']",9,"['student', 'pitch', 'mental_health', 'healthtap', 'session', 'business', 'ceo', 'patient', 'university', 'pressure']",0.697599411010742,29
Medium,2018,Academic,2017,"['social', 'low', 'high', 'problem', 'relate', 'dimension', 'neuroticism', 'attachment', 'report', 'class']",10,"['negative', 'positive', 'present', 'mindfulness', 'pattern', 'future', 'skill', 'example', 'outcome', 'build']",0.672074139118195,19
Medium,2014,Academic,2017,"['age', 'year', 'level', 'associate', 'high', 'low', 'longitudinal', 'woman', 'gender', 'score']",11,"['grade', 'extremely', 'label', 'finally', 'early', 'student', 'gift', 'pretty', 'normal', 'age']",0.687249064445496,21
Medium,2013,Academic,2017,"['gad', 'alcohol', 'care', 'generalized', 'cost', 'phq', 'screening', 'tau', 'intensive', 'standard']",12,"['mk', 'pay', 'medication', 'money', 'therapist', 'sometimes', 'buy', 'bed', 'therapy', 'sad']",0.641050755977631,1
Medium,2015,Academic,2017,"['well', 'specific', 'also', 'research', 'event', 'examine', 'cognitive', 'finding', 'individual', 'high']",13,"['group', 'receptor', 'gene', 'study', 'response', 'dna', 'silence', 'epigenetic', 'anger', 'individual']",0.708612740039825,28
Medium,2018,Academic,2017,"['symptom', 'depressive', 'maternal', 'adolescent', 'emotional', 'childhood', 'problem', 'mother', 'associate', 'development']",14,"['symptom', 'social', 'disorder', 'treatment', 'diagnose', 'patient', 'physical', 'medical', 'condition', 'therapy']",0.767548024654388,20
Medium,2014,Academic,2017,"['ci', 'adjust', 'adult', 'confidence_interval', 'rate', 'ratio', 'live', 'incidence', 'condition', 'economic']",15,"['memory', 'late', 'confidence', 'audience', 'check', 'result', 'perhaps', 'likely', 'angry', 'music']",0.65733277797699,9
Medium,2019,Academic,2017,"['patient', 'group', 'control', 'ocd', 'compare', 'activity', 'significantly', 'aim', 'relative', 'however']",16,"['mental_health', 'relationship', 'support', 'result', 'challenge', 'individual', 'provide', 'example', 'low', 'healthy']",0.703929841518402,19
Medium,2016,Academic,2017,"['mental', 'health', 'self', 'network', 'report', 'participant', 'support', 'help', 'service', 'intervention']",17,"['mental_health', 'medication', 'doctor', 'issue', 'drug', 'support', 'therapy', 'suffer', 'mental_illness', 'health']",0.823282122612,0
Medium,2014,Academic,2017,"['history', 'insomnia', 'trauma', 'see', 'early', 'initially', 'case', 'absence', 'identity', 'neglect']",18,"['frustration', 'sleep', 'symptom', 'reduce', 'class', 'meditation', 'flight', 'memory', 'angry', 'difference']",0.655142545700073,7
Medium,2015,Academic,2017,"['group', 'intervention', 'effect', 'training', 'control', 'reduce', 'cognitive', 'compare', 'condition', 'efficacy']",19,"['group', 'receptor', 'gene', 'study', 'response', 'dna', 'silence', 'epigenetic', 'anger', 'individual']",0.738570153713226,28
Medium,2019,Academic,2017,"['social', 'response', 'sad', 'avoidance', 'face', 'inhibition', 'task', 'show', 'obesity', 'effect']",20,"['die', 'sorry', 'response', 'food', 'habit', 'space', 'quality', 'ensure', 'mindful', 'threat']",0.657805025577545,0
Medium,2016,Academic,2017,"['bipolar', 'feature', 'bd', 'onset', 'mood', 'clinical', 'somatization', 'presentation', 'subject', 'frequency']",21,"['mental_health', 'medication', 'doctor', 'issue', 'drug', 'support', 'therapy', 'suffer', 'mental_illness', 'health']",0.718010783195496,0
Medium,2019,Academic,2017,"['model', 'scale', 'measure', 'factor', 'item', 'questionnaire', 'support', 'pathway', 'analysis', 'sample']",22,"['goal', 'decision', 'journal', 'product', 'activity', 'distraction', 'page', 'negative', 'writing', 'personal']",0.608238101005554,18
Medium,2016,Academic,2017,"['ptsd', 'post_traumatic', 'physical', 'day', 'emotion_regulation', 'stress', 'outcome', 'trauma', 'symptom', 'follow']",23,"['grief', 'ptsd', 'gad', 'die', 'gut', 'prescribe', 'trauma', 'alternative', 'irrational', 'diagnosis']",0.766439378261566,40
Medium,2017,Academic,2017,"['behaviour', 'increase', 'exercise', 'disability', 'temporal', 'harm', 'cause', 'decrease', 'attitude', 'trajectory']",24,"['social', 'level', 'high', 'exercise', 'effect', 'increase', 'reduce', 'result', 'system', 'study']",0.730295419692993,20
Medium,2020,Academic,2017,"['stress', 'bias', 'positive', 'symptom', 'attention', 'stressor', 'test', 'negative', 'psychosis', 'early']",25,"['negative', 'positive', 'energy', 'peace', 'thinking', 'awareness', 'relax', 'attention', 'listen', 'physical']",0.763516128063202,3
Medium,2019,Academic,2018,"['treatment', 'group', 'patient', 'effect', 'therapy', 'compare', 'outcome', 'change', 'week', 'quality']",0,"['therapy', 'mood', 'cancer', 'effective', 'vitamin', 'patient', 'light', 'function', 'direct', 'regulate']",0.733143210411072,13
Medium,2020,Academic,2018,"['intervention', 'cbt', 'base', 'research', 'effect', 'step', 'program', 'outcome', 'mindfulness', 'analysis']",1,"['psychological', 'journal', 'interaction', 'belief', 'clinical', 'analyze', 'transform', 'subconscious', 'perception', 'psychology']",0.725988328456879,12
Medium,2019,Academic,2018,"['risk', 'depressive', 'associate', 'age', 'association', 'predict', 'year', 'sample', 'factor', 'sex']",2,"['mental_health', 'relationship', 'support', 'result', 'challenge', 'individual', 'provide', 'example', 'low', 'healthy']",0.676752686500549,19
Medium,2016,Academic,2018,"['mental', 'health', 'patient', 'associate', 'high', 'association', 'life', 'datum', 'psychiatric', 'people']",3,"['mental_health', 'medication', 'doctor', 'issue', 'drug', 'support', 'therapy', 'suffer', 'mental_illness', 'health']",0.853613257408142,0
Medium,2015,Academic,2018,"['patient', 'gad', 'mdd', 'group', 'panic', 'right', 'compare', 'clinical', 'severity', 'comorbid']",4,"['doctor', 'father', 'visit', 'baby', 'cry', 'dad', 'condition', 'mom', 'note', 'patient']",0.718715667724609,4
Medium,2018,Academic,2018,"['memory', 'response', 'increase', 'fear', 'amygdala', 'threat', 'effect', 'state', 'show', 'brain']",5,"['response', 'system', 'fight', 'release', 'event', 'training', 'threat', 'program', 'boss', 'respond']",0.723184406757355,37
Medium,2020,Academic,2018,"['cognitive', 'performance', 'face', 'adhd', 'bias', 'high', 'task', 'relaxation', 'attention', 'psychiatry']",6,"['meditation', 'com', 'https', 'mindfulness', 'meditate', 'originally_publishe', 'present', 'org', 'mindful', 'tool']",0.76563823223114,15
Medium,2018,Academic,2018,"['social', 'emotional', 'negative', 'relationship', 'self', 'cognitive', 'emotion', 'sad', 'relate', 'suggest']",7,"['emotion', 'pain', 'emotional', 'suffer', 'hurt', 'soul', 'heal', 'physical', 'relationship', 'push']",0.814021229743958,27
Medium,2016,Academic,2018,"['stress', 'child', 'maternal', 'ptsd', 'exposure', 'mother', 'woman', 'trauma', 'expose', 'behavior']",8,"['school', 'kid', 'adult', 'teacher', 'teen', 'contact', 'adolescent', 'exciting', 'complicated', 'child']",0.696315228939056,25
Medium,2018,Academic,2018,"['score', 'level', 'scale', 'factor', 'measure', 'high', 'trait', 'personality', 'sample', 'low']",9,"['goal', 'business', 'plan', 'money', 'energy', 'success', 'achieve', 'guilt', 'fail', 'failure']",0.672065496444702,21
Medium,2016,Academic,2019,"['health', 'mental', 'care', 'internalize', 'experience', 'service', 'support', 'people', 'need', 'live']",0,"['mental_health', 'medication', 'doctor', 'issue', 'drug', 'support', 'therapy', 'suffer', 'mental_illness', 'health']",0.823244869709015,0
Medium,2016,Academic,2019,"['child', 'adolescent', 'parent', 'behavior', 'age', 'youth', 'problem', 'school', 'report', 'parental']",1,"['school', 'kid', 'adult', 'teacher', 'teen', 'contact', 'adolescent', 'exciting', 'complicated', 'child']",0.81161767244339,25
Medium,2016,Academic,2019,"['effect', 'state', 'level', 'pain', 'trait', 'performance', 'high', 'control', 'analysis', 'network']",2,"['high', 'treat', 'human', 'relationship', 'test', 'normal', 'act', 'task', 'pressure', 'sleep']",0.709087729454041,34
Medium,2018,Academic,2019,"['treatment', 'intervention', 'group', 'effect', 'outcome', 'patient', 'symptom', 'therapy', 'week', 'trial']",3,"['symptom', 'social', 'disorder', 'treatment', 'diagnose', 'patient', 'physical', 'medical', 'condition', 'therapy']",0.791921675205231,20
Medium,2018,Academic,2019,"['patient', 'symptom', 'risk', 'factor', 'high', 'psychiatric', 'associate', 'depressive', 'clinical', 'score']",4,"['symptom', 'social', 'disorder', 'treatment', 'diagnose', 'patient', 'physical', 'medical', 'condition', 'therapy']",0.75581032037735,20
Medium,2014,Academic,2019,"['self', 'measure', 'cognitive', 'research', 'include', 'model', 'scale', 'assess', 'well', 'present']",5,"['memory', 'result', 'search', 'outcome', 'intention', 'late', 'assumption', 'example', 'subconscious', 'performance']",0.677791237831116,29
Medium,2018,Academic,2019,"['stress', 'woman', 'maternal', 'attachment', 'mother', 'postpartum', 'acute', 'mindfulness', 'infant', 'addiction']",6,"['meditation', 'practice', 'app', 'meditate', 'calm', 'minute', 'creativity', 'daily', 'peace', 'routine']",0.752182304859161,14
Medium,2015,Academic,2019,"['psychological', 'distress', 'student', 'negative', 'ocd', 'score', 'high', 'resilience', 'fear', 'panic']",7,"['student', 'pitch', 'mental_health', 'healthtap', 'session', 'business', 'ceo', 'patient', 'university', 'pressure']",0.809978365898132,29
Medium,2018,Academic,2019,"['social', 'symptom', 'associate', 'relationship', 'association', 'sleep', 'predict', 'risk', 'examine', 'level']",8,"['symptom', 'social', 'disorder', 'treatment', 'diagnose', 'patient', 'physical', 'medical', 'condition', 'therapy']",0.732955455780029,20
Medium,2018,Academic,2019,"['brain', 'behavior', 'group', 'increase', 'pregnancy', 'response', 'task', 'emotional', 'stimulus', 'affective']",9,"['emotion', 'pain', 'emotional', 'suffer', 'hurt', 'soul', 'heal', 'physical', 'relationship', 'push']",0.728413999080658,27
Medium,2018,Academic,2020,"['scale', 'measure', 'score', 'gad', 'item', 'age', 'assess', 'analysis', 'factor', 'sex']",0,"['game', 'play', 'addiction', 'mistake', 'ultimately', 'tendency', 'object', 'pressure', 'grade', 'successful']",0.632727742195129,22
Medium,2019,Academic,2020,"['risk', 'factor', 'association', 'limitation', 'early', 'associate', 'ptsd', 'follow', 'psychiatric', 'datum']",1,"['mental_health', 'relationship', 'support', 'result', 'challenge', 'individual', 'provide', 'example', 'low', 'healthy']",0.658172726631165,19
Medium,2016,Academic,2020,"['covid', 'psychological', 'ci', 'pandemic', 'prevalence', 'stress', 'factor', 'impact', 'survey', 'high']",2,"['high', 'treat', 'human', 'relationship', 'test', 'normal', 'act', 'task', 'pressure', 'sleep']",0.68827348947525,34
Medium,2016,Academic,2020,"['sleep', 'effect', 'response', 'increase', 'network', 'change', 'level', 'time', 'suggest', 'brain']",3,"['high', 'treat', 'human', 'relationship', 'test', 'normal', 'act', 'task', 'pressure', 'sleep']",0.702115476131439,34
Medium,2014,Academic,2020,"['woman', 'depressive', 'student', 'pregnancy', 'year', 'medical', 'high', 'ci', 'perinatal', 'stressor']",4,"['woman', 'sleep', 'screen', 'disorder', 'symptom', 'reduce', 'university', 'department', 'study', 'psychological']",0.772055804729462,15
Medium,2018,Academic,2020,"['treatment', 'intervention', 'group', 'therapy', 'week', 'participant', 'post', 'follow', 'change', 'trial']",5,"['therapy', 'therapist', 'partner', 'issue', 'episode', 'chronic', 'psychiatrist', 'admit', 'date', 'relationship']",0.794386923313141,8
Medium,2016,Academic,2020,"['distress', 'psychological', 'cope', 'worker', 'vulnerability', 'transdiagnostic', 'resilience', 'staff', 'pain', 'medical']",6,"['mental_health', 'medication', 'doctor', 'issue', 'drug', 'support', 'therapy', 'suffer', 'mental_illness', 'health']",0.708477973937988,0
Medium,2018,Academic,2020,"['patient', 'clinical', 'high', 'compare', 'depressive', 'non', 'associate', 'score', 'severity', 'characteristic']",7,"['symptom', 'social', 'disorder', 'treatment', 'diagnose', 'patient', 'physical', 'medical', 'condition', 'therapy']",0.742919147014618,20
Medium,2018,Academic,2020,"['alcohol', 'family', 'loneliness', 'share', 'people', 'case', 'report', 'community', 'question', 'error']",8,"['mental', 'mental_health', 'mental_illness', 'recovery', 'alcohol', 'illness', 'stigma', 'management', 'issue', 'health']",0.649728894233704,13
Medium,2018,Academic,2020,"['cognitive', 'trait', 'performance', 'avoidance', 'face', 'interpersonal', 'ability', 'alteration', 'mediator', 'skill']",9,"['negative', 'positive', 'present', 'mindfulness', 'pattern', 'future', 'skill', 'example', 'outcome', 'build']",0.734674632549286,19
Medium,2018,Academic,2020,"['mdd', 'suicide', 'major_depressive', 'suicidal', 'suicidality', 'scale', 'rating', 'indicator', 'level', 'prevalence']",10,"['mental_health', 'support', 'society', 'suicide', 'community', 'die', 'suffer', 'death', 'peer', 'speak']",0.693123579025269,29
Medium,2018,Academic,2020,"['group', 'childhood', 'bipolar', 'high', 'bd', 'ocd', 'youth', 'age', 'control', 'abuse']",11,"['child', 'parent', 'social_media', 'young', 'teen', 'adult', 'school', 'age', 'technology', 'resource']",0.719128370285034,28
Medium,2016,Academic,2020,"['negative', 'self', 'relationship', 'individual', 'positive', 'effect', 'emotion', 'support', 'measure', 'predict']",12,"['emotion', 'negative', 'future', 'positive', 'allow', 'create', 'thinking', 'action', 'anger', 'choice']",0.762523710727692,6
Medium,2018,Academic,2020,"['stress', 'fear', 'insomnia', 'dass', 'sensitivity', 'environmental', 'human', 'older_adult', 'pathological', 'cause']",13,"['emotion', 'pain', 'emotional', 'suffer', 'hurt', 'soul', 'heal', 'physical', 'relationship', 'push']",0.75034636259079,27
Medium,2016,Academic,2020,"['social', 'adolescent', 'sad', 'impulsivity', 'substance', 'eat', 'profile', 'depressive', 'clinical', 'functional_connectivity']",14,"['social', 'girl', 'meet', 'age', 'old', 'boy', 'summer', 'party', 'introvert', 'nice']",0.686389267444611,18
Medium,2017,Academic,2020,"['health', 'mental', 'child', 'report', 'experience', 'problem', 'people', 'care', 'life', 'age']",15,"['mental_health', 'health', 'medication', 'issue', 'support', 'mental_illness', 'illness', 'drug', 'mental', 'seek']",0.749312460422516,23
Medium,2018,Academic,2020,"['disability', 'review', 'quality', 'include', 'physical', 'search', 'evidence', 'term', 'implementation', 'practice']",16,"['negative', 'positive', 'present', 'mindfulness', 'pattern', 'future', 'skill', 'example', 'outcome', 'build']",0.688460111618042,19
Medium,2019,Academic,2020,"['treatment', 'severity', 'antidepressant', 'functional', 'psychiatric', 'drug', 'meta', 'predict', 'adult', 'outcome']",17,"['medication', 'symptom', 'health', 'drug', 'treatment', 'pain', 'gut', 'doctor', 'medicine', 'effect']",0.794183075428009,2
