source1_label,source2_label,softcosine
Academic_2008_Topic2_attack,NYT_2008_Topic0_card,0.0
Academic_2008_Topic5_kernel,NYT_2008_Topic0_card,0.0
Academic_2008_Topic14_attack,NYT_2008_Topic0_card,0.02961976838259504
Academic_2008_Topic3_attack,NYT_2008_Topic0_card,0.0
Academic_2008_Topic11_user,NYT_2008_Topic0_card,0.03189672852986882
Academic_2008_Topic3_policy,NYT_2008_Topic0_card,0.0
Academic_2008_Topic6_device,NYT_2008_Topic0_card,0.0
Academic_2008_Topic9_protocol,NYT_2008_Topic0_card,0.0
Academic_2008_Topic4_security,NYT_2008_Topic0_card,0.0
Academic_2008_Topic7_attack,NYT_2008_Topic0_card,0.0
Academic_2008_Topic0_query,NYT_2008_Topic0_card,0.0
Academic_2008_Topic6_approach,NYT_2008_Topic0_card,0.02962117313322209
Academic_2008_Topic12_role,NYT_2008_Topic0_card,0.0
Academic_2008_Topic3_signature,NYT_2008_Topic0_card,0.0
Academic_2008_Topic2_data,NYT_2008_Topic0_card,0.0
Academic_2008_Topic1_attack,NYT_2008_Topic0_card,0.02889595182467794
Academic_2008_Topic8_dns,NYT_2008_Topic0_card,0.0
Academic_2008_Topic8_protocol,NYT_2008_Topic0_card,0.039877870144632545
Academic_2008_Topic4_network,NYT_2008_Topic0_card,0.0
Academic_2008_Topic13_security,NYT_2008_Topic0_card,0.028963004321609045
Academic_2008_Topic0_protocol,NYT_2008_Topic0_card,0.09686741412467839
Academic_2008_Topic9_browser,NYT_2008_Topic0_card,0.025947967105735385
Academic_2008_Topic0_kernel,NYT_2008_Topic0_card,0.0
Academic_2008_Topic4_kernel,NYT_2008_Topic0_card,0.0
Academic_2008_Topic10_policy,NYT_2008_Topic0_card,0.0
Academic_2008_Topic2_web,NYT_2008_Topic0_card,0.0
Academic_2008_Topic5_vulnerability,NYT_2008_Topic0_card,0.09291968378996325
Academic_2008_Topic2_attack,NYT_2008_Topic1_user,0.03955427644388665
Academic_2008_Topic5_kernel,NYT_2008_Topic1_user,0.09006335598336315
Academic_2008_Topic14_attack,NYT_2008_Topic1_user,0.22489301944652446
Academic_2008_Topic3_attack,NYT_2008_Topic1_user,0.1325826039772862
Academic_2008_Topic11_user,NYT_2008_Topic1_user,0.19288882121105097
Academic_2008_Topic3_policy,NYT_2008_Topic1_user,0.13278384331033294
Academic_2008_Topic6_device,NYT_2008_Topic1_user,0.1356621503829956
Academic_2008_Topic9_protocol,NYT_2008_Topic1_user,0.13738756564137158
Academic_2008_Topic4_security,NYT_2008_Topic1_user,0.0906904710453183
Academic_2008_Topic7_attack,NYT_2008_Topic1_user,0.04319973587989806
Academic_2008_Topic0_query,NYT_2008_Topic1_user,0.12864612818801066
Academic_2008_Topic6_approach,NYT_2008_Topic1_user,0.1700825405320065
Academic_2008_Topic12_role,NYT_2008_Topic1_user,0.09999999999999998
Academic_2008_Topic3_signature,NYT_2008_Topic1_user,0.029830953478813167
Academic_2008_Topic2_data,NYT_2008_Topic1_user,0.1642264711314598
Academic_2008_Topic1_attack,NYT_2008_Topic1_user,0.24941683576777807
Academic_2008_Topic8_dns,NYT_2008_Topic1_user,0.09999999999999998
Academic_2008_Topic8_protocol,NYT_2008_Topic1_user,0.09675187355792052
Academic_2008_Topic4_network,NYT_2008_Topic1_user,0.031554987394242305
Academic_2008_Topic13_security,NYT_2008_Topic1_user,0.12006200816484404
Academic_2008_Topic0_protocol,NYT_2008_Topic1_user,0.0
Academic_2008_Topic9_browser,NYT_2008_Topic1_user,0.2032315685900384
Academic_2008_Topic0_kernel,NYT_2008_Topic1_user,0.09220734568971319
Academic_2008_Topic4_kernel,NYT_2008_Topic1_user,0.0
Academic_2008_Topic10_policy,NYT_2008_Topic1_user,0.1181389887547341
Academic_2008_Topic2_web,NYT_2008_Topic1_user,0.22546386558436102
Academic_2008_Topic5_vulnerability,NYT_2008_Topic1_user,0.1330607362292191
Academic_2008_Topic2_attack,NYT_2008_Topic2_google,0.0
Academic_2008_Topic5_kernel,NYT_2008_Topic2_google,0.11979293088795206
Academic_2008_Topic14_attack,NYT_2008_Topic2_google,0.12342421341960906
Academic_2008_Topic3_attack,NYT_2008_Topic2_google,0.12387552199413229
Academic_2008_Topic11_user,NYT_2008_Topic2_google,0.09257406747176511
Academic_2008_Topic3_policy,NYT_2008_Topic2_google,0.070087953118075
Academic_2008_Topic6_device,NYT_2008_Topic2_google,0.19197393999411586
Academic_2008_Topic9_protocol,NYT_2008_Topic2_google,0.035519987797105614
Academic_2008_Topic4_security,NYT_2008_Topic2_google,0.15011314383120505
Academic_2008_Topic7_attack,NYT_2008_Topic2_google,0.03702265656678478
Academic_2008_Topic0_query,NYT_2008_Topic2_google,0.12351341663658955
Academic_2008_Topic6_approach,NYT_2008_Topic2_google,0.12343006695090462
Academic_2008_Topic12_role,NYT_2008_Topic2_google,0.13300962370320807
Academic_2008_Topic3_signature,NYT_2008_Topic2_google,0.03702265656678478
Academic_2008_Topic2_data,NYT_2008_Topic2_google,0.03412990448770539
Academic_2008_Topic1_attack,NYT_2008_Topic2_google,0.12040810309197049
Academic_2008_Topic8_dns,NYT_2008_Topic2_google,0.13449409855036132
Academic_2008_Topic8_protocol,NYT_2008_Topic2_google,0.12868930294519376
Academic_2008_Topic4_network,NYT_2008_Topic2_google,0.0680943003973168
Academic_2008_Topic13_security,NYT_2008_Topic2_google,0.12068750776470945
Academic_2008_Topic0_protocol,NYT_2008_Topic2_google,0.0
Academic_2008_Topic9_browser,NYT_2008_Topic2_google,0.05652568244590516
Academic_2008_Topic0_kernel,NYT_2008_Topic2_google,0.08850703724226848
Academic_2008_Topic4_kernel,NYT_2008_Topic2_google,0.023706633650786325
Academic_2008_Topic10_policy,NYT_2008_Topic2_google,0.07236178206678671
Academic_2008_Topic2_web,NYT_2008_Topic2_google,0.12293901102432825
Academic_2008_Topic5_vulnerability,NYT_2008_Topic2_google,0.06461220371427534
Academic_2008_Topic2_attack,NYT_2008_Topic3_software,0.14954803669627212
Academic_2008_Topic5_kernel,NYT_2008_Topic3_software,0.16196537468273411
Academic_2008_Topic14_attack,NYT_2008_Topic3_software,0.22591434587223497
Academic_2008_Topic3_attack,NYT_2008_Topic3_software,0.25705010068863166
Academic_2008_Topic11_user,NYT_2008_Topic3_software,0.14312099416874613
Academic_2008_Topic3_policy,NYT_2008_Topic3_software,0.08129668486320092
Academic_2008_Topic6_device,NYT_2008_Topic3_software,0.11585279290734399
Academic_2008_Topic9_protocol,NYT_2008_Topic3_software,0.08411530612173325
Academic_2008_Topic4_security,NYT_2008_Topic3_software,0.13458229767951121
Academic_2008_Topic7_attack,NYT_2008_Topic3_software,0.17534758786199026
Academic_2008_Topic0_query,NYT_2008_Topic3_software,0.08051572488776985
Academic_2008_Topic6_approach,NYT_2008_Topic3_software,0.18886829043137424
Academic_2008_Topic12_role,NYT_2008_Topic3_software,0.11585279290734399
Academic_2008_Topic3_signature,NYT_2008_Topic3_software,0.03143753802061918
Academic_2008_Topic2_data,NYT_2008_Topic3_software,0.1129368005835408
Academic_2008_Topic1_attack,NYT_2008_Topic3_software,0.21169764207887987
Academic_2008_Topic8_dns,NYT_2008_Topic3_software,0.08767379393099513
Academic_2008_Topic8_protocol,NYT_2008_Topic3_software,0.11208974770703298
Academic_2008_Topic4_network,NYT_2008_Topic3_software,0.11520643181057166
Academic_2008_Topic13_security,NYT_2008_Topic3_software,0.16216690325974734
Academic_2008_Topic0_protocol,NYT_2008_Topic3_software,0.1164524527426127
Academic_2008_Topic9_browser,NYT_2008_Topic3_software,0.024652626683273098
Academic_2008_Topic0_kernel,NYT_2008_Topic3_software,0.1358125118340788
Academic_2008_Topic4_kernel,NYT_2008_Topic3_software,0.12470268387753136
Academic_2008_Topic10_policy,NYT_2008_Topic3_software,0.2060978022462094
Academic_2008_Topic2_web,NYT_2008_Topic3_software,0.14197549562859754
Academic_2008_Topic5_vulnerability,NYT_2008_Topic3_software,0.11170655460547152
Academic_2008_Topic2_attack,NYT_2008_Topic4_write,0.0
Academic_2008_Topic5_kernel,NYT_2008_Topic4_write,0.0
Academic_2008_Topic14_attack,NYT_2008_Topic4_write,0.0
Academic_2008_Topic3_attack,NYT_2008_Topic4_write,0.0
Academic_2008_Topic11_user,NYT_2008_Topic4_write,0.0
Academic_2008_Topic3_policy,NYT_2008_Topic4_write,0.0
Academic_2008_Topic6_device,NYT_2008_Topic4_write,0.0
Academic_2008_Topic9_protocol,NYT_2008_Topic4_write,0.0
Academic_2008_Topic4_security,NYT_2008_Topic4_write,0.0
Academic_2008_Topic7_attack,NYT_2008_Topic4_write,0.0
Academic_2008_Topic0_query,NYT_2008_Topic4_write,0.0
Academic_2008_Topic6_approach,NYT_2008_Topic4_write,0.0
Academic_2008_Topic12_role,NYT_2008_Topic4_write,0.0
Academic_2008_Topic3_signature,NYT_2008_Topic4_write,0.03415092229843139
Academic_2008_Topic2_data,NYT_2008_Topic4_write,0.0
Academic_2008_Topic1_attack,NYT_2008_Topic4_write,0.0
Academic_2008_Topic8_dns,NYT_2008_Topic4_write,0.0
Academic_2008_Topic8_protocol,NYT_2008_Topic4_write,0.0
Academic_2008_Topic4_network,NYT_2008_Topic4_write,0.0
Academic_2008_Topic13_security,NYT_2008_Topic4_write,0.0
Academic_2008_Topic0_protocol,NYT_2008_Topic4_write,0.0
Academic_2008_Topic9_browser,NYT_2008_Topic4_write,0.0
Academic_2008_Topic0_kernel,NYT_2008_Topic4_write,0.0
Academic_2008_Topic4_kernel,NYT_2008_Topic4_write,0.0
Academic_2008_Topic10_policy,NYT_2008_Topic4_write,0.0
Academic_2008_Topic2_web,NYT_2008_Topic4_write,0.027520107407285666
Academic_2008_Topic5_vulnerability,NYT_2008_Topic4_write,0.0
Academic_2008_Topic2_attack,NYT_2008_Topic5_myspace,0.0
Academic_2008_Topic5_kernel,NYT_2008_Topic5_myspace,0.027391241528110285
Academic_2008_Topic14_attack,NYT_2008_Topic5_myspace,0.028221552099394823
Academic_2008_Topic3_attack,NYT_2008_Topic5_myspace,0.028324746019744225
Academic_2008_Topic11_user,NYT_2008_Topic5_myspace,0.029331931017762432
Academic_2008_Topic3_policy,NYT_2008_Topic5_myspace,0.0
Academic_2008_Topic6_device,NYT_2008_Topic5_myspace,0.06218063976254618
Academic_2008_Topic9_protocol,NYT_2008_Topic5_myspace,0.03235975025503165
Academic_2008_Topic4_security,NYT_2008_Topic5_myspace,0.027581967933321103
Academic_2008_Topic7_attack,NYT_2008_Topic5_myspace,0.0
Academic_2008_Topic0_query,NYT_2008_Topic5_myspace,0.0
Academic_2008_Topic6_approach,NYT_2008_Topic5_myspace,0.028222890538051597
Academic_2008_Topic12_role,NYT_2008_Topic5_myspace,0.03041330320088238
Academic_2008_Topic3_signature,NYT_2008_Topic5_myspace,0.0
Academic_2008_Topic2_data,NYT_2008_Topic5_myspace,0.029851236695966447
Academic_2008_Topic1_attack,NYT_2008_Topic5_myspace,0.02753190367150011
Academic_2008_Topic8_dns,NYT_2008_Topic5_myspace,0.0
Academic_2008_Topic8_protocol,NYT_2008_Topic5_myspace,0.02942544065770472
Academic_2008_Topic4_network,NYT_2008_Topic5_myspace,0.0
Academic_2008_Topic13_security,NYT_2008_Topic5_myspace,0.027595790921092773
Academic_2008_Topic0_protocol,NYT_2008_Topic5_myspace,0.03267214426652254
Academic_2008_Topic9_browser,NYT_2008_Topic5_myspace,0.0
Academic_2008_Topic0_kernel,NYT_2008_Topic5_myspace,0.02804329961809823
Academic_2008_Topic4_kernel,NYT_2008_Topic5_myspace,0.0
Academic_2008_Topic10_policy,NYT_2008_Topic5_myspace,0.0
Academic_2008_Topic2_web,NYT_2008_Topic5_myspace,0.02909716682851309
Academic_2008_Topic5_vulnerability,NYT_2008_Topic5_myspace,0.0
Academic_2008_Topic2_attack,NYT_2008_Topic6_flaw,0.0
Academic_2008_Topic5_kernel,NYT_2008_Topic6_flaw,0.050564090100309766
Academic_2008_Topic14_attack,NYT_2008_Topic6_flaw,0.0
Academic_2008_Topic3_attack,NYT_2008_Topic6_flaw,0.03061928866911176
Academic_2008_Topic11_user,NYT_2008_Topic6_flaw,0.0
Academic_2008_Topic3_policy,NYT_2008_Topic6_flaw,0.0
Academic_2008_Topic6_device,NYT_2008_Topic6_flaw,0.0
Academic_2008_Topic9_protocol,NYT_2008_Topic6_flaw,0.0
Academic_2008_Topic4_security,NYT_2008_Topic6_flaw,0.0
Academic_2008_Topic7_attack,NYT_2008_Topic6_flaw,0.024692546074180265
Academic_2008_Topic0_query,NYT_2008_Topic6_flaw,0.0
Academic_2008_Topic6_approach,NYT_2008_Topic6_flaw,0.0
Academic_2008_Topic12_role,NYT_2008_Topic6_flaw,0.0
Academic_2008_Topic3_signature,NYT_2008_Topic6_flaw,0.03145025423369428
Academic_2008_Topic2_data,NYT_2008_Topic6_flaw,0.0
Academic_2008_Topic1_attack,NYT_2008_Topic6_flaw,0.0
Academic_2008_Topic8_dns,NYT_2008_Topic6_flaw,0.0
Academic_2008_Topic8_protocol,NYT_2008_Topic6_flaw,0.0
Academic_2008_Topic4_network,NYT_2008_Topic6_flaw,0.0
Academic_2008_Topic13_security,NYT_2008_Topic6_flaw,0.0
Academic_2008_Topic0_protocol,NYT_2008_Topic6_flaw,0.0
Academic_2008_Topic9_browser,NYT_2008_Topic6_flaw,0.0
Academic_2008_Topic0_kernel,NYT_2008_Topic6_flaw,0.05176778595976725
Academic_2008_Topic4_kernel,NYT_2008_Topic6_flaw,0.04432245183902263
Academic_2008_Topic10_policy,NYT_2008_Topic6_flaw,0.0
Academic_2008_Topic2_web,NYT_2008_Topic6_flaw,0.0
Academic_2008_Topic5_vulnerability,NYT_2008_Topic6_flaw,0.030549238399423126
Academic_2008_Topic2_attack,NYT_2008_Topic7_game,0.09337928671002976
Academic_2008_Topic5_kernel,NYT_2008_Topic7_game,0.0
Academic_2008_Topic14_attack,NYT_2008_Topic7_game,0.13369379482232602
Academic_2008_Topic3_attack,NYT_2008_Topic7_game,0.09313275125906888
Academic_2008_Topic11_user,NYT_2008_Topic7_game,0.0
Academic_2008_Topic3_policy,NYT_2008_Topic7_game,0.0
Academic_2008_Topic6_device,NYT_2008_Topic7_game,0.0
Academic_2008_Topic9_protocol,NYT_2008_Topic7_game,0.09594121840779168
Academic_2008_Topic4_security,NYT_2008_Topic7_game,0.0
Academic_2008_Topic7_attack,NYT_2008_Topic7_game,0.09999999999999998
Academic_2008_Topic0_query,NYT_2008_Topic7_game,0.09183556599722473
Academic_2008_Topic6_approach,NYT_2008_Topic7_game,0.1337001353999998
Academic_2008_Topic12_role,NYT_2008_Topic7_game,0.04269427061080932
Academic_2008_Topic3_signature,NYT_2008_Topic7_game,0.0
Academic_2008_Topic2_data,NYT_2008_Topic7_game,0.08850389749670834
Academic_2008_Topic1_attack,NYT_2008_Topic7_game,0.13042672733100713
Academic_2008_Topic8_dns,NYT_2008_Topic7_game,0.09999999999999998
Academic_2008_Topic8_protocol,NYT_2008_Topic7_game,0.0
Academic_2008_Topic4_network,NYT_2008_Topic7_game,0.09763221711821252
Academic_2008_Topic13_security,NYT_2008_Topic7_game,0.03999346122105828
Academic_2008_Topic0_protocol,NYT_2008_Topic7_game,0.09686741412467839
Academic_2008_Topic9_browser,NYT_2008_Topic7_game,0.03583015783463694
Academic_2008_Topic0_kernel,NYT_2008_Topic7_game,0.0
Academic_2008_Topic4_kernel,NYT_2008_Topic7_game,0.0
Academic_2008_Topic10_policy,NYT_2008_Topic7_game,0.09573459686519738
Academic_2008_Topic2_web,NYT_2008_Topic7_game,0.0
Academic_2008_Topic5_vulnerability,NYT_2008_Topic7_game,0.09291968378996325
Academic_2008_Topic2_attack,NYT_2008_Topic8_griffith,0.06102089377489433
Academic_2008_Topic5_kernel,NYT_2008_Topic8_griffith,0.0
Academic_2008_Topic14_attack,NYT_2008_Topic8_griffith,0.06370588614030323
Academic_2008_Topic3_attack,NYT_2008_Topic8_griffith,0.031860957315672414
Academic_2008_Topic11_user,NYT_2008_Topic8_griffith,0.0
Academic_2008_Topic3_policy,NYT_2008_Topic8_griffith,0.0
Academic_2008_Topic6_device,NYT_2008_Topic8_griffith,0.12614855955227774
Academic_2008_Topic9_protocol,NYT_2008_Topic8_griffith,0.0
Academic_2008_Topic4_security,NYT_2008_Topic8_griffith,0.02823837445568795
Academic_2008_Topic7_attack,NYT_2008_Topic8_griffith,0.0
Academic_2008_Topic0_query,NYT_2008_Topic8_griffith,0.03120614132816512
Academic_2008_Topic6_approach,NYT_2008_Topic8_griffith,0.06112062338024895
Academic_2008_Topic12_role,NYT_2008_Topic8_griffith,0.0
Academic_2008_Topic3_signature,NYT_2008_Topic8_griffith,0.034443171774642914
Academic_2008_Topic2_data,NYT_2008_Topic8_griffith,0.030277414360597332
Academic_2008_Topic1_attack,NYT_2008_Topic8_griffith,0.0
Academic_2008_Topic8_dns,NYT_2008_Topic8_griffith,0.0
Academic_2008_Topic8_protocol,NYT_2008_Topic8_griffith,0.0
Academic_2008_Topic4_network,NYT_2008_Topic8_griffith,0.0
Academic_2008_Topic13_security,NYT_2008_Topic8_griffith,0.028252526408359943
Academic_2008_Topic0_protocol,NYT_2008_Topic8_griffith,0.030161694840464416
Academic_2008_Topic9_browser,NYT_2008_Topic8_griffith,0.0
Academic_2008_Topic0_kernel,NYT_2008_Topic8_griffith,0.0
Academic_2008_Topic4_kernel,NYT_2008_Topic8_griffith,0.0
Academic_2008_Topic10_policy,NYT_2008_Topic8_griffith,0.032751055489280895
Academic_2008_Topic2_web,NYT_2008_Topic8_griffith,0.0
Academic_2008_Topic5_vulnerability,NYT_2008_Topic8_griffith,0.0
Academic_2008_Topic2_attack,NYT_2008_Topic9_army,0.0
Academic_2008_Topic5_kernel,NYT_2008_Topic9_army,0.0
Academic_2008_Topic14_attack,NYT_2008_Topic9_army,0.0
Academic_2008_Topic3_attack,NYT_2008_Topic9_army,0.040838428870403606
Academic_2008_Topic11_user,NYT_2008_Topic9_army,0.0
Academic_2008_Topic3_policy,NYT_2008_Topic9_army,0.0
Academic_2008_Topic6_device,NYT_2008_Topic9_army,0.0
Academic_2008_Topic9_protocol,NYT_2008_Topic9_army,0.04206993319447256
Academic_2008_Topic4_security,NYT_2008_Topic9_army,0.0
Academic_2008_Topic7_attack,NYT_2008_Topic9_army,0.0
Academic_2008_Topic0_query,NYT_2008_Topic9_army,0.0
Academic_2008_Topic6_approach,NYT_2008_Topic9_army,0.08575458799722321
Academic_2008_Topic12_role,NYT_2008_Topic9_army,0.04384969660866422
Academic_2008_Topic3_signature,NYT_2008_Topic9_army,0.0
Academic_2008_Topic2_data,NYT_2008_Topic9_army,0.0
Academic_2008_Topic1_attack,NYT_2008_Topic9_army,0.0
Academic_2008_Topic8_dns,NYT_2008_Topic9_army,0.0
Academic_2008_Topic8_protocol,NYT_2008_Topic9_army,0.0
Academic_2008_Topic4_network,NYT_2008_Topic9_army,0.0
Academic_2008_Topic13_security,NYT_2008_Topic9_army,0.03978742629741516
Academic_2008_Topic0_protocol,NYT_2008_Topic9_army,0.0
Academic_2008_Topic9_browser,NYT_2008_Topic9_army,0.0
Academic_2008_Topic0_kernel,NYT_2008_Topic9_army,0.0
Academic_2008_Topic4_kernel,NYT_2008_Topic9_army,0.0
Academic_2008_Topic10_policy,NYT_2008_Topic9_army,0.0
Academic_2008_Topic2_web,NYT_2008_Topic9_army,0.0
Academic_2008_Topic5_vulnerability,NYT_2008_Topic9_army,0.0
Academic_2008_Topic2_attack,NYT_2008_Topic0_program,0.06484916922729762
Academic_2008_Topic5_kernel,NYT_2008_Topic0_program,0.2776312246727659
Academic_2008_Topic14_attack,NYT_2008_Topic0_program,0.11345970570102853
Academic_2008_Topic3_attack,NYT_2008_Topic0_program,0.14291699033185323
Academic_2008_Topic11_user,NYT_2008_Topic0_program,0.11109621489473093
Academic_2008_Topic3_policy,NYT_2008_Topic0_program,0.07789760434473114
Academic_2008_Topic6_device,NYT_2008_Topic0_program,0.08400808129544739
Academic_2008_Topic9_protocol,NYT_2008_Topic0_program,0.0
Academic_2008_Topic4_security,NYT_2008_Topic0_program,0.10446813866036335
Academic_2008_Topic7_attack,NYT_2008_Topic0_program,0.08400808129544739
Academic_2008_Topic0_query,NYT_2008_Topic0_program,0.0
Academic_2008_Topic6_approach,NYT_2008_Topic0_program,0.0779576906544095
Academic_2008_Topic12_role,NYT_2008_Topic0_program,0.08400808129544739
Academic_2008_Topic3_signature,NYT_2008_Topic0_program,0.1575023438275872
Academic_2008_Topic2_data,NYT_2008_Topic0_program,0.03386439936461794
Academic_2008_Topic1_attack,NYT_2008_Topic0_program,0.10235462918824195
Academic_2008_Topic8_dns,NYT_2008_Topic0_program,0.0
Academic_2008_Topic8_protocol,NYT_2008_Topic0_program,0.08127939259340634
Academic_2008_Topic4_network,NYT_2008_Topic0_program,0.028370607308178166
Academic_2008_Topic13_security,NYT_2008_Topic0_program,0.1308871283632947
Academic_2008_Topic0_protocol,NYT_2008_Topic0_program,0.0302070249677766
Academic_2008_Topic9_browser,NYT_2008_Topic0_program,0.023621880309921874
Academic_2008_Topic0_kernel,NYT_2008_Topic0_program,0.2554864986390478
Academic_2008_Topic4_kernel,NYT_2008_Topic0_program,0.25820672283402046
Academic_2008_Topic10_policy,NYT_2008_Topic0_program,0.11705588753800328
Academic_2008_Topic2_web,NYT_2008_Topic0_program,0.11020703331297149
Academic_2008_Topic5_vulnerability,NYT_2008_Topic0_program,0.028975969200836203
Academic_2008_Topic2_attack,NYT_2008_Topic1_attack,0.09337928671002976
Academic_2008_Topic5_kernel,NYT_2008_Topic1_attack,0.12235772600794571
Academic_2008_Topic14_attack,NYT_2008_Topic1_attack,0.18558689211092352
Academic_2008_Topic3_attack,NYT_2008_Topic1_attack,0.18626550251813775
Academic_2008_Topic11_user,NYT_2008_Topic1_attack,0.09644441060552549
Academic_2008_Topic3_policy,NYT_2008_Topic1_attack,0.0
Academic_2008_Topic6_device,NYT_2008_Topic1_attack,0.09999999999999998
Academic_2008_Topic9_protocol,NYT_2008_Topic1_attack,0.09594121840779168
Academic_2008_Topic4_security,NYT_2008_Topic1_attack,0.0906904710453183
Academic_2008_Topic7_attack,NYT_2008_Topic1_attack,0.14066983461380003
Academic_2008_Topic0_query,NYT_2008_Topic1_attack,0.09183556599722473
Academic_2008_Topic6_approach,NYT_2008_Topic1_attack,0.18559569377674676
Academic_2008_Topic12_role,NYT_2008_Topic1_attack,0.19999999999999996
Academic_2008_Topic3_signature,NYT_2008_Topic1_attack,0.03585739433765411
Academic_2008_Topic2_data,NYT_2008_Topic1_attack,0.08850389749670834
Academic_2008_Topic1_attack,NYT_2008_Topic1_attack,0.18105171601814907
Academic_2008_Topic8_dns,NYT_2008_Topic1_attack,0.09999999999999998
Academic_2008_Topic8_protocol,NYT_2008_Topic1_attack,0.09675187355792052
Academic_2008_Topic4_network,NYT_2008_Topic1_attack,0.09763221711821252
Academic_2008_Topic13_security,NYT_2008_Topic1_attack,0.09073592151046629
Academic_2008_Topic0_protocol,NYT_2008_Topic1_attack,0.19373482824935678
Academic_2008_Topic9_browser,NYT_2008_Topic1_attack,0.0
Academic_2008_Topic0_kernel,NYT_2008_Topic1_attack,0.12527049449396452
Academic_2008_Topic4_kernel,NYT_2008_Topic1_attack,0.025727736922805507
Academic_2008_Topic10_policy,NYT_2008_Topic1_attack,0.09573459686519738
Academic_2008_Topic2_web,NYT_2008_Topic1_attack,0.09567249777613399
Academic_2008_Topic5_vulnerability,NYT_2008_Topic1_attack,0.1858393675799265
Academic_2008_Topic2_attack,NYT_2008_Topic2_city,0.0
Academic_2008_Topic5_kernel,NYT_2008_Topic2_city,0.0
Academic_2008_Topic14_attack,NYT_2008_Topic2_city,0.0
Academic_2008_Topic3_attack,NYT_2008_Topic2_city,0.0
Academic_2008_Topic11_user,NYT_2008_Topic2_city,0.0
Academic_2008_Topic3_policy,NYT_2008_Topic2_city,0.027814985879189708
Academic_2008_Topic6_device,NYT_2008_Topic2_city,0.0
Academic_2008_Topic9_protocol,NYT_2008_Topic2_city,0.0
Academic_2008_Topic4_security,NYT_2008_Topic2_city,0.0
Academic_2008_Topic7_attack,NYT_2008_Topic2_city,0.02999686081011988
Academic_2008_Topic0_query,NYT_2008_Topic2_city,0.0
Academic_2008_Topic6_approach,NYT_2008_Topic2_city,0.0
Academic_2008_Topic12_role,NYT_2008_Topic2_city,0.0
Academic_2008_Topic3_signature,NYT_2008_Topic2_city,0.031218259524953645
Academic_2008_Topic2_data,NYT_2008_Topic2_city,0.0
Academic_2008_Topic1_attack,NYT_2008_Topic2_city,0.02826059729046392
Academic_2008_Topic8_dns,NYT_2008_Topic2_city,0.0
Academic_2008_Topic8_protocol,NYT_2008_Topic2_city,0.0
Academic_2008_Topic4_network,NYT_2008_Topic2_city,0.030479078919929806
Academic_2008_Topic13_security,NYT_2008_Topic2_city,0.0
Academic_2008_Topic0_protocol,NYT_2008_Topic2_city,0.03529660852122888
Academic_2008_Topic9_browser,NYT_2008_Topic2_city,0.0
Academic_2008_Topic0_kernel,NYT_2008_Topic2_city,0.0
Academic_2008_Topic4_kernel,NYT_2008_Topic2_city,0.026430531495574568
Academic_2008_Topic10_policy,NYT_2008_Topic2_city,0.028717373768782653
Academic_2008_Topic2_web,NYT_2008_Topic2_city,0.0
Academic_2008_Topic5_vulnerability,NYT_2008_Topic2_city,0.0
Academic_2008_Topic2_attack,NYT_2008_Topic3_ad,0.0
Academic_2008_Topic5_kernel,NYT_2008_Topic3_ad,0.08678456205192953
Academic_2008_Topic14_attack,NYT_2008_Topic3_ad,0.11811574733782003
Academic_2008_Topic3_attack,NYT_2008_Topic3_ad,0.08974221471607839
Academic_2008_Topic11_user,NYT_2008_Topic3_ad,0.09293331172672617
Academic_2008_Topic3_policy,NYT_2008_Topic3_ad,0.058000328585607025
Academic_2008_Topic6_device,NYT_2008_Topic3_ad,0.127980036211355
Academic_2008_Topic9_protocol,NYT_2008_Topic3_ad,0.0
Academic_2008_Topic4_security,NYT_2008_Topic3_ad,0.11606569768404679
Academic_2008_Topic7_attack,NYT_2008_Topic3_ad,0.0
Academic_2008_Topic0_query,NYT_2008_Topic3_ad,0.06390468897322185
Academic_2008_Topic6_approach,NYT_2008_Topic3_ad,0.08941950267828297
Academic_2008_Topic12_role,NYT_2008_Topic3_ad,0.1298318921722245
Academic_2008_Topic3_signature,NYT_2008_Topic3_ad,0.06255001498402181
Academic_2008_Topic2_data,NYT_2008_Topic3_ad,0.027373754839340222
Academic_2008_Topic1_attack,NYT_2008_Topic3_ad,0.0872302264990428
Academic_2008_Topic8_dns,NYT_2008_Topic3_ad,0.038656559869066194
Academic_2008_Topic8_protocol,NYT_2008_Topic3_ad,0.09322958136246709
Academic_2008_Topic4_network,NYT_2008_Topic3_ad,0.03087187397625974
Academic_2008_Topic13_security,NYT_2008_Topic3_ad,0.11549674718609818
Academic_2008_Topic0_protocol,NYT_2008_Topic3_ad,0.0
Academic_2008_Topic9_browser,NYT_2008_Topic3_ad,0.0
Academic_2008_Topic0_kernel,NYT_2008_Topic3_ad,0.11736970668885022
Academic_2008_Topic4_kernel,NYT_2008_Topic3_ad,0.0
Academic_2008_Topic10_policy,NYT_2008_Topic3_ad,0.0
Academic_2008_Topic2_web,NYT_2008_Topic3_ad,0.09218950070492302
Academic_2008_Topic5_vulnerability,NYT_2008_Topic3_ad,0.0
Academic_2008_Topic2_attack,NYT_2008_Topic4_card,0.07191800264156778
Academic_2008_Topic5_kernel,NYT_2008_Topic4_card,0.031146666629920595
Academic_2008_Topic14_attack,NYT_2008_Topic4_card,0.06697133842638264
Academic_2008_Topic3_attack,NYT_2008_Topic4_card,0.07172812822896381
Academic_2008_Topic11_user,NYT_2008_Topic4_card,0.06307011900234341
Academic_2008_Topic3_policy,NYT_2008_Topic4_card,0.08638877231256753
Academic_2008_Topic6_device,NYT_2008_Topic4_card,0.0
Academic_2008_Topic9_protocol,NYT_2008_Topic4_card,0.0
Academic_2008_Topic4_security,NYT_2008_Topic4_card,0.03136354222332983
Academic_2008_Topic7_attack,NYT_2008_Topic4_card,0.09316531706586355
Academic_2008_Topic0_query,NYT_2008_Topic4_card,0.0
Academic_2008_Topic6_approach,NYT_2008_Topic4_card,0.027596659868194755
Academic_2008_Topic12_role,NYT_2008_Topic4_card,0.0
Academic_2008_Topic3_signature,NYT_2008_Topic4_card,0.0
Academic_2008_Topic2_data,NYT_2008_Topic4_card,0.03755576196239868
Academic_2008_Topic1_attack,NYT_2008_Topic4_card,0.05609402119709474
Academic_2008_Topic8_dns,NYT_2008_Topic4_card,0.0
Academic_2008_Topic8_protocol,NYT_2008_Topic4_card,0.0
Academic_2008_Topic4_network,NYT_2008_Topic4_card,0.031463123362165925
Academic_2008_Topic13_security,NYT_2008_Topic4_card,0.08760344667365734
Academic_2008_Topic0_protocol,NYT_2008_Topic4_card,0.12374655180773993
Academic_2008_Topic9_browser,NYT_2008_Topic4_card,0.05037127088534176
Academic_2008_Topic0_kernel,NYT_2008_Topic4_card,0.0
Academic_2008_Topic4_kernel,NYT_2008_Topic4_card,0.10854422044717213
Academic_2008_Topic10_policy,NYT_2008_Topic4_card,0.1298154738060318
Academic_2008_Topic2_web,NYT_2008_Topic4_card,0.058725674960992416
Academic_2008_Topic5_vulnerability,NYT_2008_Topic4_card,0.1187033902781151
Academic_2008_Topic2_attack,NYT_2008_Topic5_child,0.0
Academic_2008_Topic5_kernel,NYT_2008_Topic5_child,0.025907141295492035
Academic_2008_Topic14_attack,NYT_2008_Topic5_child,0.026692464343639873
Academic_2008_Topic3_attack,NYT_2008_Topic5_child,0.059515359421254244
Academic_2008_Topic11_user,NYT_2008_Topic5_child,0.0
Academic_2008_Topic3_policy,NYT_2008_Topic5_child,0.1113739116628636
Academic_2008_Topic6_device,NYT_2008_Topic5_child,0.05368367872921791
Academic_2008_Topic9_protocol,NYT_2008_Topic5_child,0.02759793563334974
Academic_2008_Topic4_security,NYT_2008_Topic5_child,0.07477351749390998
Academic_2008_Topic7_attack,NYT_2008_Topic5_child,0.028765462948413447
Academic_2008_Topic0_query,NYT_2008_Topic5_child,0.0
Academic_2008_Topic6_approach,NYT_2008_Topic5_child,0.026693730263600488
Academic_2008_Topic12_role,NYT_2008_Topic5_child,0.028765462948413447
Academic_2008_Topic3_signature,NYT_2008_Topic5_child,0.08244914447135844
Academic_2008_Topic2_data,NYT_2008_Topic5_child,0.03333163838169492
Academic_2008_Topic1_attack,NYT_2008_Topic5_child,0.026040182144333703
Academic_2008_Topic8_dns,NYT_2008_Topic5_child,0.0
Academic_2008_Topic8_protocol,NYT_2008_Topic5_child,0.027831124340199458
Academic_2008_Topic4_network,NYT_2008_Topic5_child,0.0804969277423854
Academic_2008_Topic13_security,NYT_2008_Topic5_child,0.02610060788299469
Academic_2008_Topic0_protocol,NYT_2008_Topic5_child,0.09080537945181898
Academic_2008_Topic9_browser,NYT_2008_Topic5_child,0.02338354499648187
Academic_2008_Topic0_kernel,NYT_2008_Topic5_child,0.0
Academic_2008_Topic4_kernel,NYT_2008_Topic5_child,0.0
Academic_2008_Topic10_policy,NYT_2008_Topic5_child,0.06359330721985218
Academic_2008_Topic2_web,NYT_2008_Topic5_child,0.0
Academic_2008_Topic5_vulnerability,NYT_2008_Topic5_child,0.14648390224103208
Academic_2008_Topic2_attack,NYT_2008_Topic6_mail,0.0
Academic_2008_Topic5_kernel,NYT_2008_Topic6_mail,0.05839942482479587
Academic_2008_Topic14_attack,NYT_2008_Topic6_mail,0.060169686305612716
Academic_2008_Topic3_attack,NYT_2008_Topic6_mail,0.060389700633464063
Academic_2008_Topic11_user,NYT_2008_Topic6_mail,0.028425288180000275
Academic_2008_Topic3_policy,NYT_2008_Topic6_mail,0.03279671177251376
Academic_2008_Topic6_device,NYT_2008_Topic6_mail,0.12117378648539517
Academic_2008_Topic9_protocol,NYT_2008_Topic6_mail,0.033933800070364006
Academic_2008_Topic4_security,NYT_2008_Topic6_mail,0.058806062557947986
Academic_2008_Topic7_attack,NYT_2008_Topic6_mail,0.035369365360913674
Academic_2008_Topic0_query,NYT_2008_Topic6_mail,0.08421372511986269
Academic_2008_Topic6_approach,NYT_2008_Topic6_mail,0.11647222812057849
Academic_2008_Topic12_role,NYT_2008_Topic6_mail,0.06484260350634016
Academic_2008_Topic3_signature,NYT_2008_Topic6_mail,0.035369365360913674
Academic_2008_Topic2_data,NYT_2008_Topic6_mail,0.0
Academic_2008_Topic1_attack,NYT_2008_Topic6_mail,0.05869932317953669
Academic_2008_Topic8_dns,NYT_2008_Topic6_mail,0.09170055653863733
Academic_2008_Topic8_protocol,NYT_2008_Topic6_mail,0.06273643375611798
Academic_2008_Topic4_network,NYT_2008_Topic6_mail,0.06505346760851496
Academic_2008_Topic13_security,NYT_2008_Topic6_mail,0.05883553382285568
Academic_2008_Topic0_protocol,NYT_2008_Topic6_mail,0.0
Academic_2008_Topic9_browser,NYT_2008_Topic6_mail,0.028751880263395813
Academic_2008_Topic0_kernel,NYT_2008_Topic6_mail,0.027176488062780904
Academic_2008_Topic4_kernel,NYT_2008_Topic6_mail,0.022647985445329987
Academic_2008_Topic10_policy,NYT_2008_Topic6_mail,0.03386071934204947
Academic_2008_Topic2_web,NYT_2008_Topic6_mail,0.02819778049461415
Academic_2008_Topic5_vulnerability,NYT_2008_Topic6_mail,0.032865102451877785
Academic_2008_Topic2_attack,NYT_2008_Topic7_osd,0.1535884809044716
Academic_2008_Topic5_kernel,NYT_2008_Topic7_osd,0.030603150443277653
Academic_2008_Topic14_attack,NYT_2008_Topic7_osd,0.061811686275273246
Academic_2008_Topic3_attack,NYT_2008_Topic7_osd,0.0625597371697769
Academic_2008_Topic11_user,NYT_2008_Topic7_osd,0.032771406027989364
Academic_2008_Topic3_policy,NYT_2008_Topic7_osd,0.0
Academic_2008_Topic6_device,NYT_2008_Topic7_osd,0.12595108232722754
Academic_2008_Topic9_protocol,NYT_2008_Topic7_osd,0.0
Academic_2008_Topic4_security,NYT_2008_Topic7_osd,0.08969859668768994
Academic_2008_Topic7_attack,NYT_2008_Topic7_osd,0.0
Academic_2008_Topic0_query,NYT_2008_Topic7_osd,0.030278273084377822
Academic_2008_Topic6_approach,NYT_2008_Topic7_osd,0.030595538005540903
Academic_2008_Topic12_role,NYT_2008_Topic7_osd,0.0
Academic_2008_Topic3_signature,NYT_2008_Topic7_osd,0.03341905524037093
Academic_2008_Topic2_data,NYT_2008_Topic7_osd,0.029377160433213114
Academic_2008_Topic1_attack,NYT_2008_Topic7_osd,0.0
Academic_2008_Topic8_dns,NYT_2008_Topic7_osd,0.0
Academic_2008_Topic8_protocol,NYT_2008_Topic7_osd,0.0
Academic_2008_Topic4_network,NYT_2008_Topic7_osd,0.0
Academic_2008_Topic13_security,NYT_2008_Topic7_osd,0.08974355006477121
Academic_2008_Topic0_protocol,NYT_2008_Topic7_osd,0.09580798303944317
Academic_2008_Topic9_browser,NYT_2008_Topic7_osd,0.05432526795681312
Academic_2008_Topic0_kernel,NYT_2008_Topic7_osd,0.0
Academic_2008_Topic4_kernel,NYT_2008_Topic7_osd,0.0
Academic_2008_Topic10_policy,NYT_2008_Topic7_osd,0.06391767997106512
Academic_2008_Topic2_web,NYT_2008_Topic7_osd,0.032509113287628594
Academic_2008_Topic5_vulnerability,NYT_2008_Topic7_osd,0.03157371864636401
Academic_2008_Topic2_attack,NYT_2008_Topic8_google,0.0
Academic_2008_Topic5_kernel,NYT_2008_Topic8_google,0.11979293088795206
Academic_2008_Topic14_attack,NYT_2008_Topic8_google,0.12342421341960906
Academic_2008_Topic3_attack,NYT_2008_Topic8_google,0.12387552199413229
Academic_2008_Topic11_user,NYT_2008_Topic8_google,0.09257406747176511
Academic_2008_Topic3_policy,NYT_2008_Topic8_google,0.070087953118075
Academic_2008_Topic6_device,NYT_2008_Topic8_google,0.2241709090538027
Academic_2008_Topic9_protocol,NYT_2008_Topic8_google,0.035519987797105614
Academic_2008_Topic4_security,NYT_2008_Topic8_google,0.15011314383120505
Academic_2008_Topic7_attack,NYT_2008_Topic8_google,0.03702265656678478
Academic_2008_Topic0_query,NYT_2008_Topic8_google,0.12351341663658955
Academic_2008_Topic6_approach,NYT_2008_Topic8_google,0.12343006695090462
Academic_2008_Topic12_role,NYT_2008_Topic8_google,0.13300962370320807
Academic_2008_Topic3_signature,NYT_2008_Topic8_google,0.03702265656678478
Academic_2008_Topic2_data,NYT_2008_Topic8_google,0.03412990448770539
Academic_2008_Topic1_attack,NYT_2008_Topic8_google,0.12040810309197049
Academic_2008_Topic8_dns,NYT_2008_Topic8_google,0.13449409855036132
Academic_2008_Topic8_protocol,NYT_2008_Topic8_google,0.12868930294519376
Academic_2008_Topic4_network,NYT_2008_Topic8_google,0.0680943003973168
Academic_2008_Topic13_security,NYT_2008_Topic8_google,0.12068750776470945
Academic_2008_Topic0_protocol,NYT_2008_Topic8_google,0.0
Academic_2008_Topic9_browser,NYT_2008_Topic8_google,0.05652568244590516
Academic_2008_Topic0_kernel,NYT_2008_Topic8_google,0.08850703724226848
Academic_2008_Topic4_kernel,NYT_2008_Topic8_google,0.023706633650786325
Academic_2008_Topic10_policy,NYT_2008_Topic8_google,0.07236178206678671
Academic_2008_Topic2_web,NYT_2008_Topic8_google,0.1537426555319397
Academic_2008_Topic5_vulnerability,NYT_2008_Topic8_google,0.06461220371427534
Academic_2008_Topic2_attack,NYT_2008_Topic9_griffith,0.0
Academic_2008_Topic5_kernel,NYT_2008_Topic9_griffith,0.0
Academic_2008_Topic14_attack,NYT_2008_Topic9_griffith,0.0
Academic_2008_Topic3_attack,NYT_2008_Topic9_griffith,0.0
Academic_2008_Topic11_user,NYT_2008_Topic9_griffith,0.0
Academic_2008_Topic3_policy,NYT_2008_Topic9_griffith,0.0
Academic_2008_Topic6_device,NYT_2008_Topic9_griffith,0.0
Academic_2008_Topic9_protocol,NYT_2008_Topic9_griffith,0.0
Academic_2008_Topic4_security,NYT_2008_Topic9_griffith,0.0
Academic_2008_Topic7_attack,NYT_2008_Topic9_griffith,0.0
Academic_2008_Topic0_query,NYT_2008_Topic9_griffith,0.0
Academic_2008_Topic6_approach,NYT_2008_Topic9_griffith,0.03299836118213625
Academic_2008_Topic12_role,NYT_2008_Topic9_griffith,0.033082920312881466
Academic_2008_Topic3_signature,NYT_2008_Topic9_griffith,0.0
Academic_2008_Topic2_data,NYT_2008_Topic9_griffith,0.0
Academic_2008_Topic1_attack,NYT_2008_Topic9_griffith,0.0
Academic_2008_Topic8_dns,NYT_2008_Topic9_griffith,0.033082920312881466
Academic_2008_Topic8_protocol,NYT_2008_Topic9_griffith,0.0
Academic_2008_Topic4_network,NYT_2008_Topic9_griffith,0.0
Academic_2008_Topic13_security,NYT_2008_Topic9_griffith,0.0
Academic_2008_Topic0_protocol,NYT_2008_Topic9_griffith,0.0
Academic_2008_Topic9_browser,NYT_2008_Topic9_griffith,0.0
Academic_2008_Topic0_kernel,NYT_2008_Topic9_griffith,0.0
Academic_2008_Topic4_kernel,NYT_2008_Topic9_griffith,0.0
Academic_2008_Topic10_policy,NYT_2008_Topic9_griffith,0.0
Academic_2008_Topic2_web,NYT_2008_Topic9_griffith,0.0
Academic_2008_Topic5_vulnerability,NYT_2008_Topic9_griffith,0.0
Academic_2008_Topic2_attack,NYT_2008_Topic10_al,0.08576848377558681
Academic_2008_Topic5_kernel,NYT_2008_Topic10_al,0.11469685004303677
Academic_2008_Topic14_attack,NYT_2008_Topic10_al,0.20340404668865159
Academic_2008_Topic3_attack,NYT_2008_Topic10_al,0.2041478066675078
Academic_2008_Topic11_user,NYT_2008_Topic10_al,0.08858378723702084
Academic_2008_Topic3_policy,NYT_2008_Topic10_al,0.032919433482202824
Academic_2008_Topic6_device,NYT_2008_Topic10_al,0.091849581205223
Academic_2008_Topic9_protocol,NYT_2008_Topic10_al,0.12218238395088733
Academic_2008_Topic4_security,NYT_2008_Topic10_al,0.11549548919472556
Academic_2008_Topic7_attack,NYT_2008_Topic10_al,0.12735129486427754
Academic_2008_Topic0_query,NYT_2008_Topic10_al,0.08435058276589712
Academic_2008_Topic6_approach,NYT_2008_Topic10_al,0.20341369335294823
Academic_2008_Topic12_role,NYT_2008_Topic10_al,0.12735129486427754
Academic_2008_Topic3_signature,NYT_2008_Topic10_al,0.03550171365905453
Academic_2008_Topic2_data,NYT_2008_Topic10_al,0.08129045920102648
Academic_2008_Topic1_attack,NYT_2008_Topic10_al,0.19843347382532353
Academic_2008_Topic8_dns,NYT_2008_Topic10_al,0.091849581205223
Academic_2008_Topic8_protocol,NYT_2008_Topic10_al,0.12321476378146035
Academic_2008_Topic4_network,NYT_2008_Topic10_al,0.12433589270474651
Academic_2008_Topic13_security,NYT_2008_Topic10_al,0.11555337095061335
Academic_2008_Topic0_protocol,NYT_2008_Topic10_al,0.08897231419784614
Academic_2008_Topic9_browser,NYT_2008_Topic10_al,0.028859466655811416
Academic_2008_Topic0_kernel,NYT_2008_Topic10_al,0.08469206085645381
Academic_2008_Topic4_kernel,NYT_2008_Topic10_al,0.0
Academic_2008_Topic10_policy,NYT_2008_Topic10_al,0.12191924874092494
Academic_2008_Topic2_web,NYT_2008_Topic10_al,0.08787478853595537
Academic_2008_Topic5_vulnerability,NYT_2008_Topic10_al,0.1183344204903104
Academic_2008_Topic2_attack,NYT_2008_Topic11_government,0.0
Academic_2008_Topic5_kernel,NYT_2008_Topic11_government,0.0860925302276049
Academic_2008_Topic14_attack,NYT_2008_Topic11_government,0.08870225267787257
Academic_2008_Topic3_attack,NYT_2008_Topic11_government,0.08902659816976526
Academic_2008_Topic11_user,NYT_2008_Topic11_government,0.09219224894166202
Academic_2008_Topic3_policy,NYT_2008_Topic11_government,0.0
Academic_2008_Topic6_device,NYT_2008_Topic11_government,0.09559107506887508
Academic_2008_Topic9_protocol,NYT_2008_Topic11_government,0.0
Academic_2008_Topic4_security,NYT_2008_Topic11_government,0.08669199625724665
Academic_2008_Topic7_attack,NYT_2008_Topic11_government,0.0
Academic_2008_Topic0_query,NYT_2008_Topic11_government,0.0
Academic_2008_Topic6_approach,NYT_2008_Topic11_government,0.17741291896272954
Academic_2008_Topic12_role,NYT_2008_Topic11_government,0.09559107506887508
Academic_2008_Topic3_signature,NYT_2008_Topic11_government,0.0
Academic_2008_Topic2_data,NYT_2008_Topic11_government,0.0
Academic_2008_Topic1_attack,NYT_2008_Topic11_government,0.08653464088619771
Academic_2008_Topic8_dns,NYT_2008_Topic11_government,0.0
Academic_2008_Topic8_protocol,NYT_2008_Topic11_government,0.09248615608329493
Academic_2008_Topic4_network,NYT_2008_Topic11_government,0.0
Academic_2008_Topic13_security,NYT_2008_Topic11_government,0.08673544284550541
Academic_2008_Topic0_protocol,NYT_2008_Topic11_government,0.0
Academic_2008_Topic9_browser,NYT_2008_Topic11_government,0.0
Academic_2008_Topic0_kernel,NYT_2008_Topic11_government,0.0881419930372709
Academic_2008_Topic4_kernel,NYT_2008_Topic11_government,0.0
Academic_2008_Topic10_policy,NYT_2008_Topic11_government,0.0
Academic_2008_Topic2_web,NYT_2008_Topic11_government,0.0914543691694521
Academic_2008_Topic5_vulnerability,NYT_2008_Topic11_government,0.0
Academic_2008_Topic2_attack,NYT_2008_Topic12_mail,0.14495103662433872
Academic_2008_Topic5_kernel,NYT_2008_Topic12_mail,0.15848037398881215
Academic_2008_Topic14_attack,NYT_2008_Topic12_mail,0.16336248081559407
Academic_2008_Topic3_attack,NYT_2008_Topic12_mail,0.16445249610654633
Academic_2008_Topic11_user,NYT_2008_Topic12_mail,0.14008764125044945
Academic_2008_Topic3_policy,NYT_2008_Topic12_mail,0.0
Academic_2008_Topic6_device,NYT_2008_Topic12_mail,0.26191202643123296
Academic_2008_Topic9_protocol,NYT_2008_Topic12_mail,0.0
Academic_2008_Topic4_security,NYT_2008_Topic12_mail,0.187300866509073
Academic_2008_Topic7_attack,NYT_2008_Topic12_mail,0.0
Academic_2008_Topic0_query,NYT_2008_Topic12_mail,0.02857549531964686
Academic_2008_Topic6_approach,NYT_2008_Topic12_mail,0.13390683045327853
Academic_2008_Topic12_role,NYT_2008_Topic12_mail,0.11318356106105172
Academic_2008_Topic3_signature,NYT_2008_Topic12_mail,0.06225286901095722
Academic_2008_Topic2_data,NYT_2008_Topic12_mail,0.027725059091858247
Academic_2008_Topic1_attack,NYT_2008_Topic12_mail,0.10246038977574186
Academic_2008_Topic8_dns,NYT_2008_Topic12_mail,0.0
Academic_2008_Topic8_protocol,NYT_2008_Topic12_mail,0.10950721588614054
Academic_2008_Topic4_network,NYT_2008_Topic12_mail,0.0
Academic_2008_Topic13_security,NYT_2008_Topic12_mail,0.18739473427056255
Academic_2008_Topic0_protocol,NYT_2008_Topic12_mail,0.0904199708913046
Academic_2008_Topic9_browser,NYT_2008_Topic12_mail,0.0
Academic_2008_Topic0_kernel,NYT_2008_Topic12_mail,0.13268341090681504
Academic_2008_Topic4_kernel,NYT_2008_Topic12_mail,0.02203678566718496
Academic_2008_Topic10_policy,NYT_2008_Topic12_mail,0.02999017478661369
Academic_2008_Topic2_web,NYT_2008_Topic12_mail,0.13896642077907648
Academic_2008_Topic5_vulnerability,NYT_2008_Topic12_mail,0.029798088117136797
Academic_2008_Topic2_attack,NYT_2008_Topic13_army,0.0
Academic_2008_Topic5_kernel,NYT_2008_Topic13_army,0.0
Academic_2008_Topic14_attack,NYT_2008_Topic13_army,0.0
Academic_2008_Topic3_attack,NYT_2008_Topic13_army,0.04268861607362176
Academic_2008_Topic11_user,NYT_2008_Topic13_army,0.0
Academic_2008_Topic3_policy,NYT_2008_Topic13_army,0.0
Academic_2008_Topic6_device,NYT_2008_Topic13_army,0.0
Academic_2008_Topic9_protocol,NYT_2008_Topic13_army,0.043975913766929546
Academic_2008_Topic4_security,NYT_2008_Topic13_army,0.0
Academic_2008_Topic7_attack,NYT_2008_Topic13_army,0.0
Academic_2008_Topic0_query,NYT_2008_Topic13_army,0.0
Academic_2008_Topic6_approach,NYT_2008_Topic13_army,0.0
Academic_2008_Topic12_role,NYT_2008_Topic13_army,0.04583630945774827
Academic_2008_Topic3_signature,NYT_2008_Topic13_army,0.0
Academic_2008_Topic2_data,NYT_2008_Topic13_army,0.0
Academic_2008_Topic1_attack,NYT_2008_Topic13_army,0.0
Academic_2008_Topic8_dns,NYT_2008_Topic13_army,0.0
Academic_2008_Topic8_protocol,NYT_2008_Topic13_army,0.0
Academic_2008_Topic4_network,NYT_2008_Topic13_army,0.0
Academic_2008_Topic13_security,NYT_2008_Topic13_army,0.04158999777287691
Academic_2008_Topic0_protocol,NYT_2008_Topic13_army,0.0
Academic_2008_Topic9_browser,NYT_2008_Topic13_army,0.0
Academic_2008_Topic0_kernel,NYT_2008_Topic13_army,0.0
Academic_2008_Topic4_kernel,NYT_2008_Topic13_army,0.0
Academic_2008_Topic10_policy,NYT_2008_Topic13_army,0.0
Academic_2008_Topic2_web,NYT_2008_Topic13_army,0.0
Academic_2008_Topic5_vulnerability,NYT_2008_Topic13_army,0.0
Academic_2008_Topic2_attack,NYT_2008_Topic14_liechtenstein,0.0
Academic_2008_Topic5_kernel,NYT_2008_Topic14_liechtenstein,0.0
Academic_2008_Topic14_attack,NYT_2008_Topic14_liechtenstein,0.0
Academic_2008_Topic3_attack,NYT_2008_Topic14_liechtenstein,0.0
Academic_2008_Topic11_user,NYT_2008_Topic14_liechtenstein,0.0
Academic_2008_Topic3_policy,NYT_2008_Topic14_liechtenstein,0.0
Academic_2008_Topic6_device,NYT_2008_Topic14_liechtenstein,0.03200859431489435
Academic_2008_Topic9_protocol,NYT_2008_Topic14_liechtenstein,0.03260550710740346
Academic_2008_Topic4_security,NYT_2008_Topic14_liechtenstein,0.0
Academic_2008_Topic7_attack,NYT_2008_Topic14_liechtenstein,0.0
Academic_2008_Topic0_query,NYT_2008_Topic14_liechtenstein,0.0
Academic_2008_Topic6_approach,NYT_2008_Topic14_liechtenstein,0.0
Academic_2008_Topic12_role,NYT_2008_Topic14_liechtenstein,0.0
Academic_2008_Topic3_signature,NYT_2008_Topic14_liechtenstein,0.0
Academic_2008_Topic2_data,NYT_2008_Topic14_liechtenstein,0.03007794258559753
Academic_2008_Topic1_attack,NYT_2008_Topic14_liechtenstein,0.0
Academic_2008_Topic8_dns,NYT_2008_Topic14_liechtenstein,0.0
Academic_2008_Topic8_protocol,NYT_2008_Topic14_liechtenstein,0.0
Academic_2008_Topic4_network,NYT_2008_Topic14_liechtenstein,0.0
Academic_2008_Topic13_security,NYT_2008_Topic14_liechtenstein,0.0
Academic_2008_Topic0_protocol,NYT_2008_Topic14_liechtenstein,0.0329202736022528
Academic_2008_Topic9_browser,NYT_2008_Topic14_liechtenstein,0.0
Academic_2008_Topic0_kernel,NYT_2008_Topic14_liechtenstein,0.0
Academic_2008_Topic4_kernel,NYT_2008_Topic14_liechtenstein,0.0
Academic_2008_Topic10_policy,NYT_2008_Topic14_liechtenstein,0.0
Academic_2008_Topic2_web,NYT_2008_Topic14_liechtenstein,0.0
Academic_2008_Topic5_vulnerability,NYT_2008_Topic14_liechtenstein,0.0
Academic_2008_Topic2_attack,NYT_2008_Topic0_government,0.08906171677163047
Academic_2008_Topic5_kernel,NYT_2008_Topic0_government,0.030801180613312377
Academic_2008_Topic14_attack,NYT_2008_Topic0_government,0.08850296358033159
Academic_2008_Topic3_attack,NYT_2008_Topic0_government,0.08882658035882163
Academic_2008_Topic11_user,NYT_2008_Topic0_government,0.0
Academic_2008_Topic3_policy,NYT_2008_Topic0_government,0.0
Academic_2008_Topic6_device,NYT_2008_Topic0_government,0.0
Academic_2008_Topic9_protocol,NYT_2008_Topic0_government,0.09150519265684333
Academic_2008_Topic4_security,NYT_2008_Topic0_government,0.0
Academic_2008_Topic7_attack,NYT_2008_Topic0_government,0.09537630871843492
Academic_2008_Topic0_query,NYT_2008_Topic0_government,0.08758937293883513
Academic_2008_Topic6_approach,NYT_2008_Topic0_government,0.08850716093231556
Academic_2008_Topic12_role,NYT_2008_Topic0_government,0.0
Academic_2008_Topic3_signature,NYT_2008_Topic0_government,0.03419945912186759
Academic_2008_Topic2_data,NYT_2008_Topic0_government,0.08441175050430776
Academic_2008_Topic1_attack,NYT_2008_Topic0_government,0.08634022180474697
Academic_2008_Topic8_dns,NYT_2008_Topic0_government,0.09537630871843492
Academic_2008_Topic8_protocol,NYT_2008_Topic0_government,0.038034040539481326
Academic_2008_Topic4_network,NYT_2008_Topic0_government,0.09311800480731906
Academic_2008_Topic13_security,NYT_2008_Topic0_government,0.0
Academic_2008_Topic0_protocol,NYT_2008_Topic0_government,0.1847771278862362
Academic_2008_Topic9_browser,NYT_2008_Topic0_government,0.0
Academic_2008_Topic0_kernel,NYT_2008_Topic0_government,0.0315344134965126
Academic_2008_Topic4_kernel,NYT_2008_Topic0_government,0.02453816579376175
Academic_2008_Topic10_policy,NYT_2008_Topic0_government,0.09130812465649979
Academic_2008_Topic2_web,NYT_2008_Topic0_government,0.0
Academic_2008_Topic5_vulnerability,NYT_2008_Topic0_government,0.17724672894341778
Academic_2008_Topic2_attack,NYT_2008_Topic1_privacy,0.0
Academic_2008_Topic5_kernel,NYT_2008_Topic1_privacy,0.11938092267093348
Academic_2008_Topic14_attack,NYT_2008_Topic1_privacy,0.12299971599951087
Academic_2008_Topic3_attack,NYT_2008_Topic1_privacy,0.12344947237191552
Academic_2008_Topic11_user,NYT_2008_Topic1_privacy,0.09225567408912988
Academic_2008_Topic3_policy,NYT_2008_Topic1_privacy,0.06984689705254078
Academic_2008_Topic6_device,NYT_2008_Topic1_privacy,0.1913136769874031
Academic_2008_Topic9_protocol,NYT_2008_Topic1_privacy,0.03539782260144397
Academic_2008_Topic4_security,NYT_2008_Topic1_privacy,0.14959685419472554
Academic_2008_Topic7_attack,NYT_2008_Topic1_privacy,0.036895323187358234
Academic_2008_Topic0_query,NYT_2008_Topic1_privacy,0.08784699904574196
Academic_2008_Topic6_approach,NYT_2008_Topic1_privacy,0.12300554939854173
Academic_2008_Topic12_role,NYT_2008_Topic1_privacy,0.13255215883026383
Academic_2008_Topic3_signature,NYT_2008_Topic1_privacy,0.036895323187358234
Academic_2008_Topic2_data,NYT_2008_Topic1_privacy,0.034012520256509415
Academic_2008_Topic1_attack,NYT_2008_Topic1_privacy,0.1199939790906476
Academic_2008_Topic8_dns,NYT_2008_Topic1_privacy,0.09565683849370155
Academic_2008_Topic8_protocol,NYT_2008_Topic1_privacy,0.12824669710975087
Academic_2008_Topic4_network,NYT_2008_Topic1_privacy,0.06786010117464256
Academic_2008_Topic13_security,NYT_2008_Topic1_privacy,0.12027242279665681
Academic_2008_Topic0_protocol,NYT_2008_Topic1_privacy,0.0
Academic_2008_Topic9_browser,NYT_2008_Topic1_privacy,0.056331271594883575
Academic_2008_Topic0_kernel,NYT_2008_Topic1_privacy,0.08820263174573802
Academic_2008_Topic4_kernel,NYT_2008_Topic1_privacy,0.023625098556940848
Academic_2008_Topic10_policy,NYT_2008_Topic1_privacy,0.07211290553802466
Academic_2008_Topic2_web,NYT_2008_Topic1_privacy,0.1225161823786084
Academic_2008_Topic5_vulnerability,NYT_2008_Topic1_privacy,0.06438998059432462
Academic_2008_Topic2_attack,NYT_2008_Topic2_card,0.0
Academic_2008_Topic5_kernel,NYT_2008_Topic2_card,0.0
Academic_2008_Topic14_attack,NYT_2008_Topic2_card,0.0
Academic_2008_Topic3_attack,NYT_2008_Topic2_card,0.0
Academic_2008_Topic11_user,NYT_2008_Topic2_card,0.0
Academic_2008_Topic3_policy,NYT_2008_Topic2_card,0.0
Academic_2008_Topic6_device,NYT_2008_Topic2_card,0.0
Academic_2008_Topic9_protocol,NYT_2008_Topic2_card,0.0
Academic_2008_Topic4_security,NYT_2008_Topic2_card,0.0
Academic_2008_Topic7_attack,NYT_2008_Topic2_card,0.0
Academic_2008_Topic0_query,NYT_2008_Topic2_card,0.0
Academic_2008_Topic6_approach,NYT_2008_Topic2_card,0.0
Academic_2008_Topic12_role,NYT_2008_Topic2_card,0.0
Academic_2008_Topic3_signature,NYT_2008_Topic2_card,0.0
Academic_2008_Topic2_data,NYT_2008_Topic2_card,0.0
Academic_2008_Topic1_attack,NYT_2008_Topic2_card,0.0
Academic_2008_Topic8_dns,NYT_2008_Topic2_card,0.0
Academic_2008_Topic8_protocol,NYT_2008_Topic2_card,0.0
Academic_2008_Topic4_network,NYT_2008_Topic2_card,0.0
Academic_2008_Topic13_security,NYT_2008_Topic2_card,0.0
Academic_2008_Topic0_protocol,NYT_2008_Topic2_card,0.09686741412467839
Academic_2008_Topic9_browser,NYT_2008_Topic2_card,0.0
Academic_2008_Topic0_kernel,NYT_2008_Topic2_card,0.0
Academic_2008_Topic4_kernel,NYT_2008_Topic2_card,0.0
Academic_2008_Topic10_policy,NYT_2008_Topic2_card,0.0
Academic_2008_Topic2_web,NYT_2008_Topic2_card,0.0
Academic_2008_Topic5_vulnerability,NYT_2008_Topic2_card,0.09291968378996325
Academic_2008_Topic2_attack,NYT_2008_Topic3_google,0.0
Academic_2008_Topic5_kernel,NYT_2008_Topic3_google,0.12480124218070829
Academic_2008_Topic14_attack,NYT_2008_Topic3_google,0.1285843416282357
Academic_2008_Topic3_attack,NYT_2008_Topic3_google,0.1290545185434327
Academic_2008_Topic11_user,NYT_2008_Topic3_google,0.09644441060552549
Academic_2008_Topic3_policy,NYT_2008_Topic3_google,0.0730181951990184
Academic_2008_Topic6_device,NYT_2008_Topic3_google,0.19999999999999996
Academic_2008_Topic9_protocol,NYT_2008_Topic3_google,0.07120274748125113
Academic_2008_Topic4_security,NYT_2008_Topic3_google,0.12567023865399862
Academic_2008_Topic7_attack,NYT_2008_Topic3_google,0.03857050240039825
Academic_2008_Topic0_query,NYT_2008_Topic3_google,0.09183556599722473
Academic_2008_Topic6_approach,NYT_2008_Topic3_google,0.12859043988437996
Academic_2008_Topic12_role,NYT_2008_Topic3_google,0.138570499420166
Academic_2008_Topic3_signature,NYT_2008_Topic3_google,0.03857050240039825
Academic_2008_Topic2_data,NYT_2008_Topic3_google,0.06710355394925854
Academic_2008_Topic1_attack,NYT_2008_Topic3_google,0.12544213354756495
Academic_2008_Topic8_dns,NYT_2008_Topic3_google,0.09999999999999998
Academic_2008_Topic8_protocol,NYT_2008_Topic3_google,0.134069554387578
Academic_2008_Topic4_network,NYT_2008_Topic3_google,0.07094119170487821
Academic_2008_Topic13_security,NYT_2008_Topic3_google,0.12573321959054298
Academic_2008_Topic0_protocol,NYT_2008_Topic3_google,0.03452787796125981
Academic_2008_Topic9_browser,NYT_2008_Topic3_google,0.03135409570963882
Academic_2008_Topic0_kernel,NYT_2008_Topic3_google,0.09220734568971319
Academic_2008_Topic4_kernel,NYT_2008_Topic3_google,0.024697762260349452
Academic_2008_Topic10_policy,NYT_2008_Topic3_google,0.07538708854858597
Academic_2008_Topic2_web,NYT_2008_Topic3_google,0.09567249777613399
Academic_2008_Topic5_vulnerability,NYT_2008_Topic3_google,0.03583958886665024
Academic_2008_Topic2_attack,NYT_2008_Topic4_user,0.15742883444361294
Academic_2008_Topic5_kernel,NYT_2008_Topic4_user,0.1437841764659937
Academic_2008_Topic14_attack,NYT_2008_Topic4_user,0.21029324149993156
Academic_2008_Topic3_attack,NYT_2008_Topic4_user,0.2429691193316096
Academic_2008_Topic11_user,NYT_2008_Topic4_user,0.12205387197471024
Academic_2008_Topic3_policy,NYT_2008_Topic4_user,0.08558081152303398
Academic_2008_Topic6_device,NYT_2008_Topic4_user,0.09229397787306513
Academic_2008_Topic9_protocol,NYT_2008_Topic4_user,0.08854796688843636
Academic_2008_Topic4_security,NYT_2008_Topic4_user,0.11477205441760743
Academic_2008_Topic7_attack,NYT_2008_Topic4_user,0.18458795574613027
Academic_2008_Topic0_query,NYT_2008_Topic4_user,0.08475869696108274
Academic_2008_Topic6_approach,NYT_2008_Topic4_user,0.17129364854767237
Academic_2008_Topic12_role,NYT_2008_Topic4_user,0.09229397787306513
Academic_2008_Topic3_signature,NYT_2008_Topic4_user,0.0330942155958522
Academic_2008_Topic2_data,NYT_2008_Topic4_user,0.11888828014350508
Academic_2008_Topic1_attack,NYT_2008_Topic4_user,0.19600001031005107
Academic_2008_Topic8_dns,NYT_2008_Topic4_user,0.09229397787306513
Academic_2008_Topic8_protocol,NYT_2008_Topic4_user,0.08929615277332313
Academic_2008_Topic4_network,NYT_2008_Topic4_user,0.1212775151116242
Academic_2008_Topic13_security,NYT_2008_Topic4_user,0.14379680553048899
Academic_2008_Topic0_protocol,NYT_2008_Topic4_user,0.1225891981491084
Academic_2008_Topic9_browser,NYT_2008_Topic4_user,0.02595175684321064
Academic_2008_Topic0_kernel,NYT_2008_Topic4_user,0.11561712246973889
Academic_2008_Topic4_kernel,NYT_2008_Topic4_user,0.13127419529219045
Academic_2008_Topic10_policy,NYT_2008_Topic4_user,0.21695862751382936
Academic_2008_Topic2_web,NYT_2008_Topic4_user,0.12107698851342245
Academic_2008_Topic5_vulnerability,NYT_2008_Topic4_user,0.11759320335958352
